3A,0012,THREE-A RESOURCES BHD,507,THREE-A RESOURCES BHD,XKLS,Food Products
AASIA,7054,ASTRAL ASIA BHD,125,ASTRAL ASIA BHD,XKLS,Farming
AAX,5238,AIRASIA X BHD,1556,AIRASIA X BHD,XKLS,Passenger Airlines
ABLEGRP,7086,ABLEGROUP BHD,25,ABLEGROUP BHD,XKLS,Building Materials/Products
ABMB,2488,ALLIANCE BANK MALAYSIA BHD,6487,ALLIANCE FINANCIAL GROUP BHD,XKLS,Banking
ACCSOFT,0018,ACCSOFT TECHNOLOGY BHD,334,ACCSOFT TECHNOLOGY BHD,XKLS,Software
ACME,7131,ACME HOLDINGS BHD,79,ACME HOLDINGS BHD,XKLS,Industrial Electronics
ACOSTEC,7120,ACOUSTECH BHD,71,ACOUSTECH BHD,XKLS,Audio/Video Equipment
ADVENTA,7191,ADVENTA BHD,84,ADVENTA BHD,XKLS,Medical Equipment/Supplies
ADVPKG,9148,ADVANCE PACKAGING TECHNOLOGY (M) BHD,39,ADVANCED PACKAGING TECHNOLOGY (MALAYSIA) BHD,XKLS,Containers/Packaging
AEM,7146,AE MULTI HOLDINGS BHD,65,AE MULTI HOLDINGS BHD,XKLS,Industrial Electronics
AEMULUS,0181,AEMULUS HOLDINGS BHD,184,AEMULUS HOLDINGS BHD,XKLS,Semiconductors
AEON,6599,AEON CO (M) BHD,2822,AEON CO. (M) BHD,XKLS,Mixed Retailing
AEONCR,5139,AEON CREDIT SERVICE (M) BHD,3214,AEON CREDIT SERVICE (M) BHD,XKLS,Consumer Finance
AFFIN,5185,AFFIN HOLDINGS BHD,4974,AFFIN HOLDINGS BHD,XKLS,Banking
AFUJIYA,5198,ABM FUJIYA BHD,76,ABM FUJIYA BHD,XKLS,Auto &amp; Commercial Vehicle Parts
AHB,7315,AHB HOLDINGS BHD,34,AHB HOLDINGS BHD,XKLS,Furniture
AHEALTH,7090,APEX HEALTHCARE BHD,669,APEX HEALTHCARE BHD,XKLS,Pharmaceuticals
AHP,4952,AMANAH HARTA TANAH PNB,161,AMANAH HARTA TANAH PNB,XKLS,-
AIM,0122,ADVANCE INFORMATION MARKETING BHD,67,ADVANCE INFORMATION MARKETING BHD,XKLS,Diversified Business Services
AIRASIA,5099,AIRASIA BHD,12332,AIRASIA BHD,XKLS,Passenger Airlines
AIRPORT,5014,MALAYSIA AIRPORTS HOLDINGS BHD,14767,MALAYSIA AIRPORTS HOLDINGS BHD,XKLS,Transportation Services
AISB,2682,AMALGAMATED INDUSTRIAL STEEL,53,AMALGAMATED INDUSTRIAL STEEL BHD,XKLS,Iron/Steel
AJI,2658,AJINOMOTO (MALAYSIA) BHD,1330,AJINOMOTO (MALAYSIA) BHD,XKLS,Food Products
AJIYA,7609,AJIYA BHD,158,AJIYA BHD,XKLS,Building Materials/Products
AKNIGHT,9954,ASIA KNIGHT BHD,59,ASIA KNIGHT BHD,XKLS,Building Materials/Products
ALAM,5115,ALAM MARITIM RESOURCES BHD,125,ALAM MARITIM RESOURCES BHD,XKLS,Water Transport/Shipping
ALAQAR,5116,AL-AQAR HEALTHCARE REIT,874,AL-AQAR HEALTHCARE REIT,XKLS,-
ALCOM,2674,ALUMINIUM CO OF MALAYSIA BHD,101,ALUMINIUM CO. OF MALAYSIA BHD,XKLS,Aluminum
ALLIANZ,1163,ALLIANZ MALAYSIA BHD,2092,ALLIANZ MALAYSIA BHD,XKLS,Non-Life Insurance
ALSREIT,5269,AL-SALAM REAL ESTATE INVESTMENT TRUST,493,AL-SALAM REAL ESTATE INVESTMENT TRUST,XKLS,-
AMBANK,1015,AMMB HOLDINGS BHD,11393,AMMB HOLDINGS BHD,XKLS,Banking
AMEDIA,0159,ASIA MEDIA GROUP BHD,19,ASIA MEDIA GROUP BHD,XKLS,Advertising/Marketing/Public Relations
AMFIRST,5120,AMFIRST REAL ESTATE INVESTMENT TRUST,412,AMFIRST REAL ESTATE INVESTMENT TRUST,XKLS,-
AMPROP,1007,AMCORP PROPERTIES BHD,411,AMCORP PROPERTIES BHD,XKLS,Diversified Holding Companies
AMTEK,7051,AMTEK HOLDINGS BHD,14,AMTEK HOLDINGS BHD,XKLS,Clothing
AMTEL,7031,AMTEL HOLDINGS BHD,34,AMTEL HOLDINGS BHD,XKLS,Networking
AMVERTON,5959,AMVERTON BHD,365,A&M REALTY BHD,XKLS,Real Estate Developers
AMWAY,6351,AMWAY MALAYSIA HOLDINGS BHD,1249,AMWAY (MALAYSIA) HOLDINGS BHD,XKLS,Mixed Retailing
ANALABS,7083,ANALABS RESOURCES BHD,122,ANALABS RESOURCES BHD,XKLS,Environment/Waste Management
ANCOM,4758,ANCOM BHD,125,ANCOM BHD,XKLS,Specialty Chemicals
ANCOMLB,0048,ANCOM LOGISTICS BHD,45,ANCOM LOGISTICS BHD,XKLS,Industrial Machinery
ANNJOO,6556,ANN JOO RESOURCES BHD,1659,ANN JOO RESOURCES BHD,XKLS,Iron/Steel
ANZO,9342,ANZO HOLDINGS BHD,48,ANZO HOLDINGS BHD,XKLS,Forestry &amp; Wood Products
APB,5568,APB RESOURCES BHD,99,APB RESOURCES BHD,XKLS,Industrial Machinery
APEX,5088,APEX EQUITY HOLDINGS BHD,214,APEX EQUITY HOLDINGS BHD,XKLS,Securities
APFT,5194,APFT BHD,13,APFT BHD,XKLS,Consumer Services
APM,5015,APM AUTOMOTIVE HOLDINGS BHD,677,APM AUTOMOTIVE HOLDINGS BHD,XKLS,Auto &amp; Commercial Vehicle Parts
APOLLO,6432,APOLLO FOOD HOLDINGS BHD,308,APOLLO FOOD HOLDINGS BHD,XKLS,Food Products
APPASIA,0119,APPASIA BHD,88,APPASIA BHD,XKLS,Software
ARANK,7214,A-RANK BHD,85,A-RANK BHD,XKLS,Aluminum
ARK,7007,ARK RESOURCES BHD,15,ARK RESOURCES BHD,XKLS,Construction
ARMADA,5210,BUMI ARMADA BHD,4752,BUMI ARMADA BHD,XKLS,Water Transport/Shipping
ARREIT,5127,AMANAHRAYA REAL ESTATE INVESTMENT TRUST,481,AMANAHRAYA REAL ESTATE INVESTMENT TRUST,XKLS,-
ASB,1481,ADVANCE SYNERGY BHD,112,ADVANCE SYNERGY BHD,XKLS,Hotels
ASDION,0068,ASDION BHD,47,ASDION BHD,XKLS,Software
ASIABRN,7722,ASIA BRANDS BHD,100,ASIA BRANDS BHD,XKLS,Clothing
ASIAFLE,7129,ASIA FILE CORP BHD,518,ASIA FILE CORP. BHD,XKLS,Housewares
ASIAPAC,4057,ASIAN PAC HOLDINGS BHD,144,ASIAN PAC HOLDINGS BHD,XKLS,Real Estate Developers
ASIAPLY,0105,ASIA POLY HOLDINGS BHD,42,ASIA POLY HOLDINGS BHD,XKLS,Specialty Chemicals
ASTINO,7162,ASTINO BHD,219,ASTINO BHD,XKLS,Building Materials/Products
ASTRO,6399,ASTRO MALAYSIA HOLDINGS BHD,9333,ASTRO MALAYSIA HOLDINGS BHD,XKLS,Broadcasting
AT,0072,AT SYSTEMATIZATION BHD,34,AT SYSTEMATIZATION BHD,XKLS,Industrial Machinery
ATLAN,7048,ATLAN HOLDINGS BHD,1162,ATLAN HOLDINGS BHD,XKLS,Mixed Retailing
ATRIUM,5130,ATRIUM REAL ESTATE INVESTMENT TRUST,132,ATRIUM REAL ESTATE INVESTMENT TRUST,XKLS,-
ATTA,7099,ATTA GLOBAL GROUP BHD,174,ATTA GLOBAL GROUP BHD,XKLS,Iron/Steel
ATURMJU,7181,ATURMAJU RESOURCES BHD,11,ATURMAJU RESOURCES BHD,XKLS,Building Materials/Products
AVI,8885,AVILLION BHD,259,RELIANCE PACIFIC BHD,XKLS,Tourism
AWC,7579,AWC BHD,202,AWC BHD,XKLS,Diversified Business Services
AXIATA,6888,AXIATA GROUP BERHAD,47964,AXIATA GROUP BHD,XKLS,Wireless Telecommunications Services
AXREIT,5106,AXIS REAL ESTATE INVESTMENT TRUST,1701,AXIS REAL ESTATE INVESTMENT TRUST,XKLS,-
AYER,2305,AYER HOLDINGS BHD,442,TAHPS GROUP BHD,XKLS,Real Estate Developers
AYS,5021,AYS VENTURES BHD,141,AYS VENTURES BHD,XKLS,Building Materials/Products
AZRB,7078,AHMAD ZAKI RESOURCES BHD,393,AHMAD ZAKI RESOURCES BHD,XKLS,Construction
BAHVEST,0098,BORNEO AQUA HARVEST BHD,673,BORNEO AQUA HARVEST BHD,XKLS,Fishing
BARAKAH,7251,BARAKAH OFFSHORE PETROLEUM BHD,194,BARAKAH OFFSHORE PETROLEUM BHD,XKLS,Oil &amp; Gas Products/Services
BAT,4162,BRITISH AMERICAN TOBACCO MALAYSIA BHD,6801,BRITISH AMERICAN TOBACCO (MALAYSIA) BHD,XKLS,Tobacco
BAUTO,5248,BERMAZ AUTO BHD,2555,BERMAZ AUTO BHD,XKLS,Specialty Retail
BCB,6602,BCB BHD,153,BCB BHD,XKLS,Real Estate Developers
BDB,6173,BINA DARULAMAN BHD,131,BINA DARULAMAN BHD,XKLS,Construction
BENALEC,5190,BENALEC HOLDINGS BHD,248,BENALEC HOLDINGS BHD,XKLS,Construction
BERTAM,9814,BERTAM ALLIANCE BHD,62,BERTAM ALLIANCE BHD,XKLS,Real Estate Developers
BHIC,8133,BOUSTEAD HEAVY INDUSTRIES CORP BHD,462,BOUSTEAD HEAVY INDUSTRIES CORP. BHD,XKLS,Water Transport/Shipping
BIG,7005,B. I. G. INDUSTRIES BHD,18,B.I.G. INDUSTRIES BHD,XKLS,Building Materials/Products
BIMB,5258,BIMB HOLDINGS BHD,6757,BIMB HOLDINGS BHD,XKLS,Banking
BINTAI,6998,BINTAI KINDEN CORP BHD,39,BINTAI KINDEN CORP. BHD,XKLS,Construction
BIOHLDG,0179,BIOALPHA HOLDINGS BHD,174,BIOALPHA HOLDINGS BHD,XKLS,Food Products
BIOOSMO,7243,BIO OSMO BHD,40,BIO OSMO BHD,XKLS,Non-Alcoholic Beverages/Drinks
BIPORT,5032,BINTULU PORT HOLDINGS BHD,2737,BINTULU PORT HOLDINGS BHD,XKLS,Water Transport/Shipping
BJASSET,3239,BERJAYA ASSETS BHD,1151,BERJAYA ASSETS BHD,XKLS,Gambling Industries
BJCORP,3395,BERJAYA CORP BHD,1452,BERJAYA CORP. BHD,XKLS,Mixed Retailing
BJFOOD,5196,BERJAYA FOOD BHD,661,BERJAYA FOOD BHD,XKLS,Restaurants
BJLAND,4219,BERJAYA LAND BHD,1450,BERJAYA LAND BHD,XKLS,Gambling Industries
BJMEDIA,6025,BERJAYA MEDIA BHD,49,BERJAYA MEDIA BHD,XKLS,Publishing
BJTOTO,1562,BERJAYA SPORTS TOTO BHD,2824,BERJAYA SPORTS TOTO BHD,XKLS,Gambling Industries
BKAWAN,1899,BATU KAWAN BHD,8056,BATU KAWAN BHD,XKLS,Commodity Chemicals
BKOON,7187,BOON KOON GROUP BHD,137,BOON KOON GROUP BHD,XKLS,Commercial Vehicles
BLDPLNT,5069,BLD PLANTATION BHD,749,BLD PLANTATION BHD,XKLS,Farming
BOILERM,0168,BOILERMECH HOLDINGS BHD,353,BOILERMECH HOLDINGS BHD,XKLS,Building Materials/Products
BONIA,9288,BONIA CORP BHD,343,BONIA CORP. BHD,XKLS,Clothing
BORNOIL,7036,BORNEO OIL BERHAD,427,BORNEO OIL BHD,XKLS,Restaurants
BOXPAK,6297,BOX-PAK (MALAYSIA) BHD,131,BOX-PAK (MALAYSIA) BHD,XKLS,Containers/Packaging
BPLANT,5254,BOUSTEAD PLANTATIONS BHD,3875,BOUSTEAD PLANTATIONS BHD,XKLS,Farming
BPPLAS,5100,BP PLASTICS HOLDING BHD,178,BP PLASTICS HOLDING BHD,XKLS,Specialty Chemicals
BPURI,5932,BINA PURI HOLDINGS BHD,74,BINA PURI HOLDINGS BHD,XKLS,Construction
BRAHIMS,9474,BRAHIM'S HOLDINGS BHD,73,BRAHIM&#39;S HOLDINGS BHD,XKLS,Diversified Business Services
BREM,8761,BREM HOLDING BHD,299,BREM HOLDING BHD,XKLS,Construction
BRIGHT,9938,BRIGHT PACKAGING INDUSTRY BHD,39,BRIGHT PACKAGING INDUSTRY BHD,XKLS,Containers/Packaging
BSLCORP,7221,BSL CORP BHD,50,BSL CORP. BHD,XKLS,Industrial Electronics
BSTEAD,2771,BOUSTEAD HOLDINGS BHD,5209,BOUSTEAD HOLDINGS BHD,XKLS,Wholesalers
BTECH,0011,BRITE-TECH BHD,62,BRITE-TECH BHD,XKLS,Water Utilities
BTM,7188,BTM RESOURCES BHD,21,BTM RESOURCES BHD,XKLS,Building Materials/Products
BURSA,1818,BURSA MALAYSIA BHD,5813,BURSA MALAYSIA BHD,XKLS,Securities
CAB,7174,CAB CAKARAN CORP BHD,542,CAB CAKARAN CORP. BHD,XKLS,Farming
CAELY,7154,CAELY HOLDINGS BHD,90,CAELY HOLDINGS BHD,XKLS,Clothing
CAMRES,7128,CAM RESOURCES BHD,60,CAM RESOURCES BHD,XKLS,Housewares
CANONE,5105,CAN-ONE BHD,482,CAN-ONE BHD,XKLS,Containers/Packaging
CAP,5229,CHINA AUTOMOBILE PARTS HOLDINGS LTD,14,CHINA AUTOMOBILE PARTS HOLDINGS LTD.,XKLS,Auto &amp; Commercial Vehicle Parts
CAREPLS,0163,CAREPLUS GROUP BHD,124,CAREPLUS GROUP BHD,XKLS,Clothing
CARIMIN,5257,CARIMIN PETROLEUM BHD,73,CARIMIN PETROLEUM BHD,XKLS,Oil &amp; Gas Products/Services
CARING,5245,CARING PHARMACY GROUP BHD,344,CARING PHARMACY GROUP BHD,XKLS,Drug Retail
CARLSBG,2836,CARLSBERG BREWERY MALAYSIA BHD,5881,CARLSBERG BREWERY MALAYSIA BHD,XKLS,Alcoholic Beverages/Drinks
CBIP,7076,CB INDUSTRIAL PRODUCT HOLDING BHD,791,CB INDUSTRIAL PRODUCT HOLDING BHD,XKLS,Industrial Machinery
CCB,2925,CYCLE & CARRIAGE BINTANG BHD,198,CYCLE & CARRIAGE BINTANG BHD,XKLS,Specialty Retail
CCK,7035,CCK CONSOLIDATED HOLDINGS BHD,460,CCK CONSOLIDATED HOLDINGS BHD,XKLS,Food Products
CCM,2879,CHEMICAL CO OF MALAYSIA BHD,335,CHEMICAL CO. OF MALAYSIA BHD,XKLS,Specialty Chemicals
CCMDBIO,7148,CCM DUOPHARMA BIOTECH BHD,784,CCM DUOPHARMA BIOTECH BHD,XKLS,Pharmaceuticals
CENSOF,5195,CENSOF HOLDINGS BHD,95,CENSOF HOLDINGS BHD,XKLS,Software
CENTURY,7117,CENTURY LOGISTICS HOLDINGS BHD,284,CENTURY LOGISTICS HOLDINGS BHD,XKLS,Transportation Services
CEPAT,8982,CEPATWAWASAN GROUP BHD,239,CEPATWAWASAN GROUP BHD,XKLS,Farming
CEPCO,8435,CONCRETE ENGINEERING PRODUCTS,64,CONCRETE ENGINEERING PRODUCTS BHD,XKLS,Building Materials/Products
CFM,8044,COMPUTER FORMS (MALAYSIA) BHD,44,COMPUTER FORMS (MALAYSIA) BHD,XKLS,Diversified Business Services
CHEETAH,7209,CHEETAH HOLDINGS BHD,48,CHEETAH HOLDINGS BHD,XKLS,Clothing Retail
CHHB,5738,COUNTRY HEIGHTS HOLDINGS BHD,301,COUNTRY HEIGHTS HOLDINGS BHD,XKLS,Real Estate Developers
CHINHIN,5273,CHIN HIN GROUP BHD,612,CHIN HIN GROUP BHD,XKLS,Building Materials/Products
CHINTEK,1929,CHIN TECK PLANTATIONS BHD,651,CHIN TECK PLANTATIONS BHD,XKLS,Farming
CHINWEL,5007,CHIN WELL HOLDINGS BHD,485,CHIN WELL HOLDINGS BHD,XKLS,Industrial Products
CHOOBEE,5797,CHOO BEE METAL INDUSTRIES BHD,252,CHOO BEE METAL INDUSTRIES BHD,XKLS,Industrial Machinery
CHUAN,7016,CHUAN HUAT RESOURCES BHD,78,CHUAN HUAT RESOURCES BHD,XKLS,Building Materials/Products
CICB,8052,CENTRAL INDUSTRIAL CORP BHD,56,CENTRAL INDUSTRIAL CORP. BHD,XKLS,Specialty Chemicals
CIHLDG,2828,CI HOLDINGS BHD,318,CI HOLDINGS BHD,XKLS,Non-Alcoholic Beverages/Drinks
CIMB,1023,CIMB GROUP HOLDINGS BHD,66147,CIMB GROUP HOLDINGS BHD,XKLS,Banking
CLIQ,5234,CLIQ ENERGY BHD,454,CLIQ ENERGY BHD,XKLS,Oil Extraction
CME,7018,CME GROUP BHD,32,CME GROUP BHD,XKLS,Commercial Vehicles
CMMT,5180,CAPITALAND MALAYSIA MALL TRUST,2306,CAPITALAND MALAYSIA MALL TRUST,XKLS,-
CMSB,2852,CAHYA MATA SARAWAK BHD,4330,CAHYA MATA SARAWAK BHD,XKLS,Building Materials/Products
CNASIA,7986,CN ASIA CORP BHD,23,CN ASIA CORP. BHD,XKLS,Building Materials/Products
CNI,5104,CNI HOLDINGS BHD,54,CNI HOLDINGS BHD,XKLS,Personal Care Products/Appliances
CNOUHUA,5188,CHINA OUHUA WINERY HOLDINGS LTD,50,CHINA OUHUA WINERY HOLDINGS LTD.,XKLS,Alcoholic Beverages/Drinks
COASTAL,5071,COASTAL CONTRACTS BHD,654,COASTAL CONTRACTS BHD,XKLS,Water Transport/Shipping
COCOLND,7205,COCOALAND HOLDINGS BHD,510,COCOALAND HOLDINGS BHD,XKLS,Food Products
COMCORP,7195,COMINTEL CORP BHD,29,COMINTEL CORP. BHD,XKLS,Industrial Electronics
COMFORT,2127,COMFORT GLOVES BHD,444,COMFORT GLOVES BHD,XKLS,Medical Equipment/Supplies
COMPLET,5136,COMPLETE LOGISTIC SERVICES BHD,79,COMPLETE LOGISTIC SERVICES BHD,XKLS,Water Transport/Shipping
COMPUGT,5037,COMPUGATES HOLDINGS BHD,70,COMPUGATES HOLDINGS BHD,XKLS,Wholesalers
CONNECT,0102,CONNECTCOUNTY HOLDINGS BHD,53,CONNECTCOUNTY HOLDINGS BHD,XKLS,Industrial Electronics
CRESBLD,8591,CREST BUILDER HOLDINGS BHD,157,CREST BUILDER HOLDINGS BHD,XKLS,Construction
CRESNDO,6718,CRESCENDO CORP BHD,365,CRESCENDO CORP. BHD,XKLS,Real Estate Developers
CSCENIC,7202,CLASSIC SCENIC BHD,183,CLASSIC SCENIC BHD,XKLS,Housewares
CSCSTEL,5094,CSC STEEL HOLDINGS BHD,509,CSC STEEL HOLDINGS BHD,XKLS,Iron/Steel
CSL,5214,CHINA STATIONERY LTD,12,CHINA STATIONERY LTD.,XKLS,Housewares
CUSCAPI,0051,CUSCAPI BHD,312,CUSCAPI BHD,XKLS,Software
CVIEW,5049,COUNTRY VIEW BHD,143,COUNTRY VIEW BHD,XKLS,Real Estate Developers
CWG,9423,CWG HOLDINGS BHD,61,CHEE WAH CORP. BHD,XKLS,Nondurable Household Products
CYL,7157,CYL CORP BHD,64,CYL CORP. BHD,XKLS,Containers/Packaging
CYMAO,5082,CYMAO HOLDINGS BHD,24,CYMAO HOLDINGS BHD,XKLS,Building Materials/Products
CYPARK,5184,CYPARK RESOURCES BHD,648,CYPARK RESOURCES BHD,XKLS,Environment/Waste Management
D&O,7204,D&O GREEN TECHNOLOGIES BHD,615,D&O GREEN TECHNOLOGIES BHD,XKLS,Semiconductors
DAIBOCI,8125,DAIBOCHI PLASTIC & PACKAGING INDUSTRY BHD,705,DAIBOCHI PLASTIC & PACKAGING INDUSTRY BHD,XKLS,Containers/Packaging
DAIMAN,5355,DAIMAN DEVELOPMENT BHD,446,DAIMAN DEVELOPMENT BHD,XKLS,Real Estate Developers
DANCO,5276,DANCOMECH HOLDINGS BHD,126,DANCOMECH HOLDINGS BHD,XKLS,Precision Products
DATAPRP,8338,DATAPREP HOLDINGS BHD,80,DATAPREP HOLDINGS BHD,XKLS,Computer Services
DAYA,0091,DAYA MATERIALS BHD,72,DAYA MATERIALS BHD,XKLS,Specialty Chemicals
DAYANG,5141,DAYANG ENTERPRISE HOLDINGS BHD,753,DAYANG ENTERPRISE HOLDINGS BHD,XKLS,Oil &amp; Gas Products/Services
DBE,7179,D B E GURNEY RESOURCES BHD,94,D.B.E. GURNEY RESOURCES BHD,XKLS,Farming
DBHD,3484,DAMANSARA REALTY BHD,153,DAMANSARA REALTY BHD,XKLS,Real Estate Developers
DEGEM,7119,DEGEM BHD,138,DEGEM BHD,XKLS,Clothing Retail
DELEUM,5132,DELEUM BHD,457,DELEUM BHD,XKLS,Oil &amp; Gas Products/Services
DENKO,8176,DENKO INDUSTRIAL CORP BHD,1778,DENKO INDUSTRIAL CORP. BHD,XKLS,Specialty Chemicals
DESTINI,7212,DESTINI BHD,503,DESTINI BHD,XKLS,Aerospace Products/Parts
DGB,0152,DGB ASIA BHD,78,DGB ASIA BHD,XKLS,Software
DGSB,0131,DIVERSIFIED GATEWAY SOLUTIONS BHD,95,DIVERSIFIED GATEWAY SOLUTIONS BHD,XKLS,Computer Services
DIALOG,7277,DIALOG GROUP BHD,16941,DIALOG GROUP BHD,XKLS,Oil &amp; Gas Products/Services
DIGI,6947,DIGI.COM BHD,34910,DIGI.COM BHD,XKLS,Wireless Telecommunications Services
DIGISTA,0029,DIGISTAR CORPORATION BHD,63,DIGISTAR CORP. BHD,XKLS,Computer Services
DKLS,7528,DKLS INDUSTRIES BHD,149,DKLS INDUSTRIES BHD,XKLS,Construction
DKSH,5908,DKSH HOLDINGS MALAYSIA BHD,566,DKSH HOLDINGS (MALAYSIA) BHD,XKLS,Transportation Services
DLADY,3026,DUTCH LADY MILK INDUSTRIES BHD,4312,DUTCH LADY MILK INDUSTRIES BHD,XKLS,Food Products
DNEX,4456,DAGANG NEXCHANGE BHD,642,DAGANG NEXCHANGE BHD,XKLS,Computer Services
DNONCE,7114,D'NONCE TECHNOLOGY BHD,62,D&#39;NONCE TECHNOLOGY BHD,XKLS,Containers/Packaging
DOLMITE,5835,DOLOMITE CORPORATION BHD,48,DOLOMITE CORP. BHD,XKLS,Building Materials/Products
DOLPHIN,5265,DOLPHIN INTERNATIONAL BHD,24,DOLPHIN INTERNATIONAL BHD,XKLS,Industrial Machinery
DOMINAN,7169,DOMINANT ENTERPRISE BHD,215,DOMINANT ENTERPRISE BHD,XKLS,Building Materials/Products
DPS,7198,DPS RESOURCES BHD,47,DPS RESOURCES BHD,XKLS,Building Materials/Products
DRBHCOM,1619,DRB-HICOM BHD,3866,DRB-HICOM BHD,XKLS,Commercial Vehicles
DSONIC,5216,DATASONIC GROUP BHD,1242,DATASONIC GROUP BHD,XKLS,Computer Services
DUFU,7233,DUFU TECHNOLOGY CORP BHD,186,DUFU TECHNOLOGY CORP. BHD,XKLS,Industrial Electronics
DUTALND,3948,DUTALAND BHD,457,DUTALAND BHD,XKLS,Farming
E&O,3417,EASTERN & ORIENTAL BHD,1831,EASTERN & ORIENTAL BHD,XKLS,Real Estate Developers
EAH,0154,EA HOLDINGS BHD,122,EA HOLDINGS BHD,XKLS,Computer Services
EASTLND,2097,EASTLAND EQUITY BHD,47,EASTLAND EQUITY BHD,XKLS,Hotels
EATECH,5259,EA TECHNIQUE (M) BHD,176,E.A. TECHNIQUE (M) BHD,XKLS,Water Transport/Shipping
ECM,2143,ECM LIBRA FINANCIAL GROUP BHD,101,ECM LIBRA FINANCIAL GROUP BHD,XKLS,Securities
ECOFIRS,3557,ECOFIRST CONSOLIDATED BHD,241,ECOFIRST CONSOLIDATED BHD,XKLS,Construction
ECONBHD,5253,ECONPILE HOLDINGS BHD,1378,ECONPILE HOLDINGS BHD,XKLS,Construction
ECOWLD,8206,ECO WORLD DEVELOPMENT GROUP BHD,3327,ECO WORLD DEVELOPMENT GROUP BHD,XKLS,Real Estate Developers
ECS,5162,ECS ICT BHD,202,ECS ICT BHD,XKLS,Computer Services
EDARAN,5036,EDARAN BHD,33,EDARAN BHD,XKLS,Computer Services
EDEN,7471,EDEN INC BHD,40,EDEN INC. BHD,XKLS,Electric Utilities
EDGENTA,1368,UEM EDGENTA BHD,1913,UEM EDGENTA BHD,XKLS,Real Estate Agents/Brokers
EDUSPEC,0107,EDUSPEC HOLDINGS BHD,60,EDUSPEC HOLDINGS BHD,XKLS,Software
EFFICEN,0064,EFFICIENT E-SOLUTIONS BHD,142,EFFICIENT E-SOLUTIONS BHD,XKLS,Diversified Business Services
EFORCE,0065,EXCEL FORCE MSC BHD,412,EXCEL FORCE MSC BHD,XKLS,Software
EG,8907,EG INDUSTRIES BHD,136,EG INDUSTRIES BHD,XKLS,Audio/Video Equipment
EIG,5081,ESTHETICS INTERNATIONAL GROUP BHD,142,ESTHETICS INTERNATIONAL GROUP BHD,XKLS,Personal Care Products/Appliances
EITA,5208,EITA RESOURCES BHD,182,EITA RESOURCES BHD,XKLS,Industrial Electronics
EKA,7182,EKA NOODLES BHD,19,EKA NOODLES BHD,XKLS,Food Products
EKOVEST,8877,EKOVEST BHD,1710,EKOVEST BHD,XKLS,Construction
EKSONS,9016,EKSONS CORP BHD,124,EKSONS CORP. BHD,XKLS,Forestry &amp; Wood Products
ELKDESA,5228,ELK-DESA RESOURCES BHD,347,ELK-DESA RESOURCES BHD,XKLS,Finance Companies
ELSOFT,0090,ELSOFT RESEARCH BHD,689,ELSOFT RESEARCH BHD,XKLS,Software
EMETALL,7217,EONMETALL GROUP BHD,104,EONMETALL GROUP BHD,XKLS,Iron/Steel
EMICO,9091,EMICO HOLDINGS BHD,19,EMICO HOLDINGS BHD,XKLS,Housewares
ENCORP,6076,ENCORP BHD,200,ENCORP BHD,XKLS,Real Estate Developers
ENGKAH,7149,ENG KAH CORP BHD,98,ENG KAH CORP. BHD,XKLS,Personal Care Products/Appliances
ENGTEX,5056,ENGTEX GROUP BHD,443,ENGTEX GROUP BHD,XKLS,Building Materials/Products
ENRA,8613,ENRA GROUP BHD,349,ENRA GROUP BHD,XKLS,Real Estate Developers
EPMB,7773,EP MANUFACTURING BHD,75,EP MANUFACTURING BHD,XKLS,Auto &amp; Commercial Vehicle Parts
ESCERAM,0100,ES CERAMICS TECHNOLOGY BHD,37,ES CERAMICS TECHNOLOGY BHD,XKLS,Industrial Machinery
EUPE,6815,EUPE CORP BHD,120,EUPE CORP. BHD,XKLS,Real Estate Developers
EURO,7208,EURO HOLDINGS BHD,52,EURO HOLDINGS BHD,XKLS,Furniture
EUROSP,7094,EUROSPAN HOLDINGS BHD,31,EUROSPAN HOLDINGS BHD,XKLS,Furniture
EVERGRN,5101,EVERGREEN FIBREBOARD BHD,360,EVERGREEN FIBREBOARD BHD,XKLS,Building Materials/Products
EWEIN,7249,EWEIN BHD,104,EWEIN BHD,XKLS,Industrial Electronics
F&N,3689,FRASER & NEAVE HOLDINGS BHD,12903,FRASER & NEAVE HOLDINGS BHD,XKLS,Non-Alcoholic Beverages/Drinks
FACBIND,2984,FACB INDUSTRIES INC BHD,115,FACB INDUSTRIES INC. BHD,XKLS,Iron/Steel
FAJAR,7047,FAJARBARU BUILDER GROUP BHD,250,FAJARBARU BUILDER GROUP BHD,XKLS,Construction
FAREAST,5029,FAR EAST HOLDINGS BHD,1555,FAR EAST HOLDINGS BHD,XKLS,Farming
FARLIM,6041,FARLIM GROUP MALAYSIA BHD,65,FARLIM GROUP (MALAYSIA) BHD,XKLS,Real Estate Developers
FAVCO,7229,FAVELLE FAVCO BHD,534,FAVELLE FAVCO BHD,XKLS,Mobile Machinery
FCW,2755,FCW HOLDINGS BHD,210,FCW HOLDINGS BHD,XKLS,Networking
FFHB,8605,FEDERAL FURNITURE HOLDINGS M BHD,46,FEDERAL FURNITURE HOLDINGS (M) BHD,XKLS,Furniture
FGV,5222,FELDA GLOBAL VENTURES HOLDINGS BHD,6202,FELDA GLOBAL VENTURES HOLDINGS BHD,XKLS,Farming
FIAMMA,6939,FIAMMA HOLDINGS BHD,249,FIAMMA HOLDINGS BHD,XKLS,Home Goods Retail
FIBON,0149,FIBON BHD,47,FIBON BHD,XKLS,Specialty Chemicals
FIMACOR,3107,FIMA CORPORATION BHD,478,FIMA CORP. BHD,XKLS,Diversified Business Services
FINTEC,0150,FINTEC GLOBAL BERHAD,52,ASIA BIOENERGY TECHNOLOGIES BHD,XKLS,Computer Services
FITTERS,9318,FITTERS DIVERSIFIED BHD,187,FITTERS DIVERSIFIED BHD,XKLS,Precision Products
FLBHD,5197,FOCUS LUMBER BHD,108,FOCUS LUMBER BHD,XKLS,Forestry &amp; Wood Products
FOCUS,0116,FOCUS DYNAMICS GROUP BHD,161,FOCUS DYNAMICS GROUP BHD,XKLS,Technical Services
FOCUSP,0157,FOCUS POINT HOLDINGS BHD,39,FOCUS POINT HOLDINGS BHD,XKLS,Healthcare Provision
FPI,9172,FORMOSA PROSONIC INDUSTRIES,331,FORMOSA PROSONIC INDUSTRIES BHD,XKLS,Audio/Video Equipment
FREIGHT,7210,FREIGHT MANAGEMENT HOLDINGS BHD,210,FREIGHT MANAGEMENT HOLDINGS BHD,XKLS,Transportation Services
FRONTKN,0128,FRONTKEN CORP BHD,421,FRONTKEN CORP. BHD,XKLS,Technical Services
FSBM,9377,FSBM HOLDINGS BHD,27,FSBM HOLDINGS BHD,XKLS,Computer Services
G3,7184,G3 GLOBAL BHD,322,YEN GLOBAL BHD,XKLS,Clothing
GADANG,9261,GADANG HOLDINGS BHD,536,GADANG HOLDINGS BHD,XKLS,Construction
GAMUDA,5398,GAMUDA BHD,12508,GAMUDA BHD,XKLS,Construction
GASMSIA,5209,GAS MALAYSIA BERHAD,3669,GAS MALAYSIA BHD,XKLS,Gas Utilities
GBGAQRS,5226,GABUNGAN AQRS BHD,775,GABUNGAN AQRS BHD,XKLS,Construction
GCB,5102,GUAN CHONG BHD,696,GUAN CHONG BHD,XKLS,Food Products
GCE,5592,GRAND CENTRAL ENTERPRISES BHD,99,GRAND CENTRAL ENTERPRISES BHD,XKLS,Hotels
GDEX,0078,GD EXPRESS CARRIER BHD,2773,GD EXPRESS CARRIER BHD,XKLS,Air Freight
GENETEC,0104,GENETEC TECHNOLOGY BHD,49,GENETEC TECHNOLOGY BHD,XKLS,Industrial Machinery
GENM,4715,GENTING MALAYSIA BHD,28978,GENTING MALAYSIA BHD,XKLS,Hotels
GENP,2291,GENTING PLANTATIONS BHD,7859,GENTING PLANTATIONS BHD,XKLS,Farming
GENTING,3182,GENTING BHD,33756,GENTING BHD,XKLS,Gambling Industries
GESHEN,7197,GE-SHEN CORP BHD,68,GE-SHEN CORP. BHD,XKLS,Industrial Machinery
GETS,5079,GETS GLOBAL BHD,23,KBES BHD,XKLS,Passenger Transport, Other
GHLSYS,0021,GHL SYSTEMS BHD,844,GHL SYSTEMS BHD,XKLS,Computer Services
GKENT,3204,GEORGE KENT MALAYSIA BHD,2101,GEORGE KENT (MALAYSIA) BHD,XKLS,Industrial Products
GLBHD,7382,GOLDEN LAND BHD,111,GOLDEN LAND BHD,XKLS,Farming
GLOMAC,5020,GLOMAC BHD,400,GLOMAC BHD,XKLS,Real Estate Developers
GLOTEC,5220,GLOBALTEC FORMATION BERHAD,242,GLOBALTEC FORMATION BHD,XKLS,Diversified Holding Companies
GMUTUAL,9962,GROMUTUAL BHD,133,GROMUTUAL BHD,XKLS,Real Estate Developers
GNB,0045,G NEPTUNE BHD,10,G NEPTUNE BHD,XKLS,Computer Services
GOB,1147,GLOBAL ORIENTAL BHD,118,GLOBAL ORIENTAL BHD,XKLS,Real Estate Developers
GOCEAN,0074,GREEN OCEAN CORP BHD,43,GREEN OCEAN CORP. BHD,XKLS,Software
GOODWAY,7192,GOODWAY INTEGRATED INDUSTRIES BHD,25,GOODWAY INTEGRATED INDUSTRIES BHD,XKLS,Specialty Chemicals
GOPENG,2135,GOPENG BHD,251,GOPENG BHD,XKLS,Farming
GPA,7096,GPA HOLDINGS BHD,88,GPA HOLDINGS BHD,XKLS,Industrial Electronics
GPACKET,0082,GREEN PACKET BHD,250,GREEN PACKET BHD,XKLS,Software
GPHAROS,5649,GOLDEN PHAROS BHD,36,GOLDEN PHAROS BHD,XKLS,Building Materials/Products
GRANFLO,0056,GRAND-FLO BHD,104,GRAND-FLO BHD,XKLS,Computer Services
GREENYB,0136,GREENYIELD BHD,57,GREENYIELD BHD,XKLS,Specialty Chemicals
GSB,7077,GSB GROUP BHD,53,GSB GROUP BHD,XKLS,Audio/Video Equipment
GTRONIC,7022,GLOBETRONICS TECHNOLOGY BHD,1134,GLOBETRONICS TECHNOLOGY BHD,XKLS,Semiconductors
GUH,3247,GUH HOLDINGS BHD,164,GUH HOLDINGS BHD,XKLS,Industrial Electronics
GUNUNG,7676,GUNUNG CAPITAL BHD,90,GUNUNG CAPITAL BHD,XKLS,Commodity Chemicals
GUOCO,1503,GUOCOLAND MALAYSIA BHD,665,GUOCOLAND (MALAYSIA) BHD,XKLS,Real Estate Developers
HAIO,7668,HAI-O ENTERPRISE BHD,1474,HAI-O ENTERPRISE BHD,XKLS,Food Retail
HALEX,5151,HALEX HOLDINGS BHD,90,HALEX HOLDINGS BHD,XKLS,Specialty Chemicals
HANDAL,7253,HANDAL RESOURCES BHD,50,HANDAL RESOURCES BHD,XKLS,Oil &amp; Gas Products/Services
HAPSENG,3034,HAP SENG CONSOLIDATED BHD,24175,HAP SENG CONSOLIDATED BHD,XKLS,Specialty Chemicals
HARBOUR,2062,HARBOUR-LINK GROUP BHD,278,HARBOUR-LINK GROUP BHD,XKLS,Transportation Services
HARISON,5008,HARRISONS HOLDINGS (MALAYSIA) BHD,267,HARRISONS HOLDINGS (MALAYSIA) BHD,XKLS,Wholesalers
HARNLEN,7501,HARN LEN CORP BHD,102,HARN LEN CORP. BHD,XKLS,Farming
HARTA,5168,HARTALEGA HOLDINGS BHD,18845,HARTALEGA HOLDINGS BHD,XKLS,Medical Equipment/Supplies
HBGLOB,5187,HB GLOBAL LTD,87,HB GLOBAL LTD.,XKLS,Food Products
HCK,7105,HCK CAPITAL GROUP BHD,535,HCK CAPITAL GROUP BHD,XKLS,Industrial Machinery
HEIM,3255,HEINEKEN MALAYSIA BHD,6229,HEINEKEN MALAYSIA BHD,XKLS,Alcoholic Beverages/Drinks
HEKTAR,5121,HEKTAR REAL ESTATE INVESTMENT TRUST,564,HEKTAR REAL ESTATE INVESTMENT TRUST,XKLS,-
HENGYUAN,4324,HENGYUAN REFINING CO BHD,2277,SHELL REFINING CO. (FEDERATION OF MALAYA) BHD,XKLS,Oil &amp; Gas Products/Services
HEVEA,5095,HEVEABOARD BHD,433,HEVEABOARD BHD,XKLS,Building Materials/Products
HEXZA,3298,HEXZA CORP BHD,138,HEXZA CORP. BHD,XKLS,Specialty Chemicals
HHGROUP,0175,HENG HUAT RESOURCES GROUP BHD,63,HENG HUAT RESOURCES GROUP BHD,XKLS,Furniture
HHHCORP,0160,HIAP HUAT HOLDINGS BHD,35,HIAP HUAT HOLDINGS BHD,XKLS,Environment/Waste Management
HIAPTEK,5072,HIAP TECK VENTURE BHD,501,HIAP TECK VENTURE BHD,XKLS,Iron/Steel
HIBISCS,5199,HIBISCUS PETROLEUM BHD,1271,HIBISCUS PETROLEUM BHD,XKLS,Oil Extraction
HIGHTEC,7033,KUMPULAN H & L HIGH-TECH BHD,49,KUMPULAN H&L HIGH-TECH BHD,XKLS,Industrial Machinery
HIL,8443,HIL INDUSTRIES BHD,234,HIL INDUSTRIES BHD,XKLS,Industrial Machinery
HLBANK,5819,HONG LEONG BANK BHD,40840,HONG LEONG BANK BHD,XKLS,Banking
HLFG,1082,HONG LEONG FINANCIAL GROUP BHD,22147,HONG LEONG FINANCIAL GROUP BHD,XKLS,Banking
HLIND,3301,HONG LEONG INDUSTRIES BHD,3323,HONG LEONG INDUSTRIES BHD,XKLS,Semiconductors
HOHUP,5169,HO HUP CONSTRUCTION COMPANY,154,HO HUP CONSTRUCTION CO. BHD,XKLS,Construction
HOKHENG,5165,HOCK HENG STONE INDUSTRIES BHD,29,HOCK HENG STONE INDUSTRIES BHD,XKLS,Building Materials/Products
HOMERIZ,5160,HOMERITZ CORP BHD,203,HOMERITZ CORP. BHD,XKLS,Furniture
HOOVER,7010,GRAND HOOVER BHD,26,GRAND HOOVER BHD,XKLS,Construction
HOVID,7213,HOVID BHD,271,HOVID BHD,XKLS,Pharmaceuticals
HSL,6238,HOCK SENG LEE BHD,891,HOCK SENG LEE BHD,XKLS,Construction
HSPLANT,5138,HAP SENG PLANTATIONS HOLDINGS BHD,1920,HAP SENG PLANTATIONS HOLDINGS BHD,XKLS,Farming
HSSEB,0185,HSS ENGINEERS BHD,694,HSS ENGINEERS BHD,XKLS,Technical Services
HTPADU,5028,HEITECH PADU BHD,58,HEITECH PADU BHD,XKLS,Computer Services
HUAAN,2739,SINO HUA-AN INTERNATIONAL BHD,415,SINO HUA-AN INTERNATIONAL BHD,XKLS,Coal
HUAYANG,5062,HUA YANG BHD,167,HUA YANG BHD,XKLS,Real Estate Developers
HUBLINE,7013,HUBLINE BHD,260,HUBLINE BHD,XKLS,Water Transport/Shipping
HUMEIND,5000,HUME INDUSTRIES BHD,787,HUME INDUSTRIES BHD,XKLS,Building Materials/Products
HUPSENG,5024,HUP SENG INDUSTRIES BHD,872,HUP SENG INDUSTRIES BHD,XKLS,Food Products
HWATAI,8478,HWA TAI INDUSTRIES BHD,26,HWA TAI INDUSTRIES BHD,XKLS,Food Products
HWGB,9601,HO WAH GENTING BHD,47,HO WAH GENTING BHD,XKLS,Industrial Electronics
IBHD,4251,I-BERHAD,474,I-BHD,XKLS,Real Estate Developers
IBRACO,5084,IBRACO BHD,308,IBRACO BHD,XKLS,Real Estate Developers
ICAP,5108,ICAPITAL.BIZ BERHAD UNIT,375,ICAPITAL.BIZ BHD,XKLS,Closed-End Funds
ICON,5255,ICON OFFSHORE BHD,235,ICON OFFSHORE BHD,XKLS,Water Transport/Shipping
IDEAL,9687,IDEAL UNITED BINTANG INTERNATIONAL BHD,66,IDEAL UNITED BINTANG BHD,XKLS,Mobile Machinery
IDMENSN,0174,IDIMENSION CONSOLIDATED BHD,22,IDIMENSION CONSOLIDATED BHD,XKLS,Software
IFCAMSC,0023,IFCA MSC BHD,168,IFCA MSC BHD,XKLS,Computer Services
IGBB,5606,IGB BHD,1976,GOLDIS BHD,XKLS,Diversified Holding Companies
IGBREIT,5227,IGB REAL ESTATE INVESTMENT TRUST,5448,IGB REAL ESTATE INVESTMENT TRUST,XKLS,-
IHH,5225,IHH HEALTHCARE BHD,49850,IHH HEALTHCARE BHD,XKLS,Healthcare Provision
IJACOBS,0162,IDEAL JACOBS (MALAYSIA) CORP BHD,44,IDEAL JACOBS (MALAYSIA) CORP. BHD,XKLS,Industrial Machinery
IJM,3336,IJM CORP BHD,9326,IJM CORP. BHD,XKLS,Construction
IJMPLNT,2216,IJM PLANTATIONS BHD,2061,IJM PLANTATIONS BHD,XKLS,Farming
IKHMAS,5268,IKHMAS JAYA GROUP BHD,207,IKHMAS JAYA GROUP BHD,XKLS,Construction
ILB,5614,INTEGRATED LOGISTICS BHD,117,INTEGRATED LOGISTICS BHD,XKLS,Transportation Services
IMASPRO,7222,IMASPRO CORP BHD,168,IMASPRO CORP. BHD,XKLS,Specialty Chemicals
INARI,0166,INARI AMERTRON BHD,5543,INARI AMERTRON BHD,XKLS,Semiconductors
INCKEN,2607,INCH KENNETH KAJANG RUBBER PLC,290,INCH KENNETH KAJANG RUBBER PLC,XKLS,Building Materials/Products
INIX,0094,INIX TECHNOLOGIES HOLDINGS BHD,18,INIX TECHNOLOGIES HOLDINGS BHD,XKLS,Industrial Electronics
INNITY,0147,INNITY CORP BHD,90,INNITY CORP. BHD,XKLS,Advertising/Marketing/Public Relations
INNO,6262,INNOPRISE PLANTATIONS BHD,402,INNOPRISE PLANTATIONS BHD,XKLS,Forestry &amp; Wood Products
INSAS,3379,INSAS BHD,527,INSAS BHD,XKLS,Computer Services
IOICORP,1961,IOI CORP BHD,29850,IOI CORP. BHD,XKLS,Farming
IOIPG,5249,IOI PROPERTIES GROUP BHD,8378,IOI PROPERTIES GROUP BHD,XKLS,Real Estate Developers
IPMUDA,5673,IPMUDA BHD,58,IPMUDA BHD,XKLS,Wholesalers
IQGROUP,5107,IQ GROUP HOLDINGS BHD,102,IQ GROUP HOLDINGS BHD,XKLS,Industrial Electronics
IREKA,8834,IREKA CORP BHD,119,IREKA CORP. BHD,XKLS,Construction
IRETEX,7183,IRE-TEX CORP BHD,32,IRE-TEX CORP. BHD,XKLS,Containers/Packaging
IRIS,0010,IRIS CORP BHD,419,IRIS CORP. BHD,XKLS,Computer Services
ITRONIC,9393,INDUSTRONICS BHD,14,INDUSTRONICS BHD,XKLS,Precision Products
IVORY,5175,IVORY PROPERTIES GROUP BERHAD,147,IVORY PROPERTIES GROUP BHD,XKLS,Real Estate Developers
IWCITY,1589,ISKANDAR WATERFRONT CITY BHD,599,ISKANDAR WATERFRONT CITY BHD,XKLS,Real Estate Developers
JADI,7223,JADI IMAGING HOLDINGS BHD,47,JADI IMAGING HOLDINGS BHD,XKLS,Specialty Chemicals
JAG,0024,JAG BHD,110,JAG BHD,XKLS,Environment/Waste Management
JAKS,4723,JAKS RESOURCES BHD,775,JAKS RESOURCES BHD,XKLS,Iron/Steel
JASKITA,8648,JASA KITA BHD,61,JASA KITA BHD,XKLS,Industrial Electronics
JAYCORP,7152,JAYCORP BHD,130,JAYCORP BHD,XKLS,Furniture
JCBNEXT,0058,JCBNEXT BHD,238,JCBNEXT BHD,XKLS,Employment/Training Services
JCY,5161,JCY INTERNATIONAL BHD,633,JCY INTERNATIONAL BHD,XKLS,Computers/Consumer Electronics
JERASIA,8931,JERASIA CAPITAL BHD,34,JERASIA CAPITAL BHD,XKLS,Clothing
JETSON,9083,KUMPULAN JETSON BHD,51,KUMPULAN JETSON BHD,XKLS,Construction
JFTECH,0146,JF TECHNOLOGY BHD,145,JF TECHNOLOGY BHD,XKLS,Industrial Electronics
JHM,0127,JHM CONSOLIDATION BHD,558,JHM CONSOLIDATION BHD,XKLS,Semiconductors
JIANKUN,8923,JIANKUN INTERNATIONAL BHD,58,JIANKUN INTERNATIONAL BHD,XKLS,Real Estate Developers
JKGLAND,6769,JKG LAND BHD,193,JKG LAND BHD,XKLS,Real Estate Developers
JMR,7043,JMR CONGLOMERATION BHD,126,JMR CONGLOMERATION BHD,XKLS,Building Materials/Products
JOHAN,3441,JOHAN HOLDINGS BHD,146,JOHAN HOLDINGS BHD,XKLS,Consumer Finance
JOHOTIN,7167,JOHORE TIN BHD,287,JOHORE TIN BHD,XKLS,Containers/Packaging
JTIASA,4383,JAYA TIASA HOLDINGS BHD,779,JAYA TIASA HOLDINGS BHD,XKLS,Forestry &amp; Wood Products
K1,0111,K-ONE TECHNOLOGY BHD,75,K-ONE TECHNOLOGY BHD,XKLS,Technical Services
KAMDAR,8672,KAMDAR GROUP (M) BHD,69,KAMDAR GROUP (M) BHD,XKLS,Clothing Retail
KANGER,0170,KANGER INTERNATIONAL BHD,84,KANGER INTERNATIONAL BHD,XKLS,Building Materials/Products
KAREX,5247,KAREX BHD,772,KAREX BHD,XKLS,Personal Care Products/Appliances
KARYON,0054,KARYON INDUSTRIES BHD,78,KARYON INDUSTRIES BHD,XKLS,Specialty Chemicals
KAWAN,7216,KAWAN FOOD BHD,755,KAWAN FOOD BHD,XKLS,Food Products
KBUNAI,3115,KARAMBUNAI CORP BHD,433,KARAMBUNAI CORP. BHD,XKLS,Real Estate Developers
KEINHIN,7199,KEIN HING INTERNATIONAL BHD,54,KEIN HING INTERNATIONAL BHD,XKLS,Industrial Machinery
KEN,7323,KEN HOLDINGS BHD,167,KEN HOLDINGS BHD,XKLS,Real Estate Developers
KENANGA,6483,KENANGA INVESTMENT BANK BHD,408,K&N KENANGA HOLDINGS BHD,XKLS,Securities
KERJAYA,7161,KERJAYA PROSPEK GROUP BHD,1079,KERJAYA PROSPEK GROUP BHD,XKLS,Real Estate Developers
KESM,9334,KESM INDUSTRIES BHD,678,KESM INDUSTRIES BHD,XKLS,Semiconductors
KEYASIC,0143,KEY ASIC BHD,120,KEY ASIC BHD,XKLS,Semiconductors
KFIMA,6491,KUMPULAN FIMA BHD,412,KUMPULAN FIMA BHD,XKLS,Diversified Holding Companies
KFM,8303,KUANTAN FLOUR MILLS BHD,9,KUANTAN FLOUR MILLS BHD,XKLS,Food Products
KGB,0151,KELINGTON GROUP BHD,177,KELINGTON GROUP BHD,XKLS,Precision Products
KGROUP,0036,KEY ALLIANCE GROUP BHD,33,KEY ALLIANCE GROUP BHD,XKLS,Computer Services
KHEESAN,6203,KHEE SAN BHD,63,KHEE SAN BHD,XKLS,Food Products
KHIND,7062,KHIND HOLDINGS BHD,70,KHIND HOLDINGS BHD,XKLS,Housewares
KIALIM,6211,KIA LIM BHD,19,KIA LIM BHD,XKLS,Building Materials/Products
KIANJOO,3522,KIAN JOO CAN FACTORY BHD,1159,KIAN JOO CAN FACTORY BHD,XKLS,Containers/Packaging
KIMHIN,5371,KIM HIN INDUSTRY BHD,218,KIM HIN INDUSTRY BHD,XKLS,Building Materials/Products
KIMLUN,5171,KIMLUN CORP BHD,689,KIMLUN CORP. BHD,XKLS,Construction
KINSTEL,5060,KINSTEEL BHD,5,KINSTEEL BHD,XKLS,Iron/Steel
KKB,9466,KKB ENGINEERING BHD,240,KKB ENGINEERING BHD,XKLS,Industrial Machinery
KLCC,5235ss,KLCC REAL ESTATE INVESTMENT TRUST,12673,KLCC PROPERTY HOLDINGS BHD,XKLS,-
KLK,2445,KUALA LUMPUR KEPONG BHD,27135,KUALA LUMPUR KEPONG BHD,XKLS,Farming
KLUANG,2453,KLUANG RUBBER CO MALAYA BHD,253,KLUANG RUBBER CO. (M) BHD,XKLS,Farming
KMLOONG,5027,KIM LOONG RESOURCES BHD,1306,KIM LOONG RESOURCES BHD,XKLS,Farming
KNM,7164,KNM GROUP BHD,498,KNM GROUP BHD,XKLS,Oil &amp; Gas Products/Services
KNUSFOR,5035,KNUSFORD BHD,65,KNUSFORD BHD,XKLS,Industrial Machinery
KOBAY,6971,KOBAY TECHNOLOGY BHD,103,KOBAY TECHNOLOGY BHD,XKLS,Industrial Machinery
KOMARK,7017,KOMARKCORP BHD,30,KOMARKCORP BHD,XKLS,Nondurable Household Products
KOSSAN,7153,KOSSAN RUBBER INDUSTRIES BHD,4189,KOSSAN RUBBER INDUSTRIES BHD,XKLS,Medical Equipment/Supplies
KOTRA,0002,KOTRA INDUSTRIES BHD,223,KOTRA INDUSTRIES BHD,XKLS,Pharmaceuticals
KPJ,5878,KPJ HEALTHCARE BHD,3832,KPJ HEALTHCARE BHD,XKLS,Healthcare Provision
KPOWER,7130,KUMPULAN POWERNET BHD,46,KUMPULAN POWERNET BHD,XKLS,Clothing
KPS,5843,KUMPULAN PERANGSANG SELANGOR,664,KUMPULAN PERANGSANG SELANGOR BHD,XKLS,Wholesalers
KPSCB,9121,KPS CONSORTIUM BHD,79,KPS CONSORTIUM BHD,XKLS,Building Materials/Products
KRETAM,1996,KRETAM HOLDINGS BHD,1897,KRETAM HOLDINGS BHD,XKLS,Farming
KRONO,0176,KRONOLOGI ASIA BHD,203,KRONOLOGI ASIA BHD,XKLS,Computer Services
KSENG,3476,KECK SENG (MALAYSIA) BHD,1457,KECK SENG (MALAYSIA) BHD,XKLS,Farming
KSL,5038,KSL HOLDINGS BHD,965,KSL HOLDINGS BHD,XKLS,Real Estate Developers
KSSC,5192,K. SENG SENG CORP BHD,42,K. SENG SENG CORP. BHD,XKLS,Iron/Steel
KSTAR,5172,K-STAR SPORTS LTD,44,K-STAR SPORTS LTD.,XKLS,Footwear
KTB,4847,KONSORTIUM TRANSNASIONAL BHD,40,KONSORTIUM TRANSNASIONAL BHD,XKLS,Passenger Transport, Other
KTC,0180,KIM TECK CHEONG CONSOLIDATED BHD,71,KIM TECK CHEONG CONSOLIDATED BHD,XKLS,Wholesalers
KUB,6874,KUB MALAYSIA BHD,223,KUB MALAYSIA BHD,XKLS,Gas Utilities
KUCHAI,2186,KUCHAI DEVELOPMENT BHD,267,KUCHAI DEVELOPMENT BHD,XKLS,Finance Companies
KWANTAS,6572,KWANTAS CORP BHD,464,KWANTAS CORP. BHD,XKLS,Farming
KYM,8362,KYM HOLDINGS BHD,67,KYM HOLDINGS BHD,XKLS,Containers/Packaging
L&G,3174,LAND & GENERAL BHD,498,LAND & GENERAL BHD,XKLS,Real Estate Developers
LAFMSIA,3794,LAFARGE MALAYSIA BHD,3654,LAFARGE MALAYSIA BHD,XKLS,Building Materials/Products
LANDMRK,1643,LANDMARKS BHD,362,LANDMARKS BHD,XKLS,Hotels
LATITUD,7006,LATITUDE TREE HOLDINGS BHD,344,LATITUDE TREE HOLDINGS BHD,XKLS,Furniture
LAYHONG,9385,LAY HONG BHD,592,LAY HONG BHD,XKLS,Farming
LBALUM,9326,LB ALUMINIUM BHD,144,LB ALUMINIUM BHD,XKLS,Aluminum
LBICAP,8494,LBI CAPITAL BHD,81,LBI CAPITAL BHD,XKLS,Real Estate Developers
LBS,5789,LBS BINA GROUP BHD,1481,LBS BINA GROUP BHD,XKLS,Real Estate Developers
LCTH,5092,LCTH CORP BHD,207,LCTH CORP. BHD,XKLS,Industrial Machinery
LEBTECH,9628,LEBTECH BERHAD,146,LEBTECH BHD,XKLS,Construction
LEESK,8079,LEE SWEE KIAT GROUP BHD,113,LEE SWEE KIAT GROUP BHD,XKLS,Furniture
LEONFB,5232,LEON FUAT BHD,217,LEON FUAT BHD,XKLS,Iron/Steel
LEWEKO,8745,LEWEKO RESOURCES BHD,82,LEWEKO RESOURCES BHD,XKLS,Building Materials/Products
LFECORP,7170,LFE CORP BHD,33,LFE CORP. BHD,XKLS,Industrial Machinery
LIENHOE,3573,LIEN HOE CORP BHD,127,LIEN HOE CORP. BHD,XKLS,Construction
LIIHEN,7089,LII HEN INDUSTRIES BHD,468,LII HEN INDUSTRIES BHD,XKLS,Furniture
LIONFIB,8486,LION FOREST INDUSTRIES BHD,130,LION FOREST INDUSTRIES BHD,XKLS,Building Materials/Products
LIONIND,4235,LION INDUSTRIES CORP BHD,671,LION INDUSTRIES CORP. BHD,XKLS,Iron/Steel
LITRAK,6645,LINGKARAN TRANS KOTA HOLDINGS BHD,3014,LINGKARAN TRANS KOTA HOLDINGS BHD,XKLS,Transportation Services
LKL,0182,LKL INTERNATIONAL BHD,62,LKL INTERNATIONAL BHD,XKLS,Medical Equipment/Supplies
LNGRES,0025,LNG RESOURCES BHD,35,LNG RESOURCES BHD,XKLS,Industrial Machinery
LONBISC,7126,LONDON BISCUITS BHD,89,LONDON BISCUITS BHD,XKLS,Food Products
LPI,8621,LPI CAPITAL BHD,6502,LPI CAPITAL BHD,XKLS,Non-Life Insurance
LSTEEL,9881,LEADER STEEL HOLDINGS BHD,54,LEADER STEEL HOLDINGS BHD,XKLS,Iron/Steel
LTKM,7085,LTKM BHD,120,LTKM BHD,XKLS,Farming
LUSTER,5068,LUSTER INDUSTRIES BHD,158,LUSTER INDUSTRIES BHD,XKLS,Industrial Electronics
LUXCHEM,5143,LUXCHEM CORP BHD,521,LUXCHEM CORP. BHD,XKLS,Commodity Chemicals
LYSAGHT,9199,LYSAGHT GALVANIZED STEEL BHD,141,LYSAGHT GALVANIZED STEEL BHD,XKLS,Iron/Steel
M&G,5078,MARINE & GENERAL BHD,80,SILK HOLDINGS BHD,XKLS,Transportation Services
M3TECH,0017,M3 TECHNOLOGIES (ASIA) BHD,47,M3 TECHNOLOGIES (ASIA) BHD,XKLS,Software
MAA,1198,MAA GROUP BHD,189,MAA GROUP BHD,XKLS,Life Insurance
MAGNA,7617,MAGNA PRIMA BHD,382,MAGNA PRIMA BHD,XKLS,Real Estate Developers
MAGNI,7087,MAGNI-TECH INDUSTRIES BHD,734,MAGNI-TECH INDUSTRIES BHD,XKLS,Clothing
MAGNUM,3859,MAGNUM BHD,2530,MAGNUM BHD,XKLS,Gambling Industries
MAHSING,8583,MAH SING GROUP BHD,2428,MAH SING GROUP BHD,XKLS,Real Estate Developers
MALAKOF,5264,MALAKOFF CORP BHD,4450,MALAKOFF CORP. BHD,XKLS,Multiutilities
MALPAC,4936,MALPAC HOLDINGS BHD,74,MALPAC HOLDINGS BHD,XKLS,Farming
MALTON,6181,MALTON BHD,412,MALTON BHD,XKLS,Real Estate Developers
MANULFE,1058,MANULIFE HOLDINGS BHD,575,MANULIFE HOLDINGS BHD,XKLS,Full-Line Insurance
MARCO,3514,MARCO HOLDINGS BHD,142,MARCO HOLDINGS BHD,XKLS,Audio/Video Equipment
MASTEEL,5098,MALAYSIA STEEL WORKS (KL) BHD SHS,338,MALAYSIA STEEL WORKS (KL) BHD,XKLS,Iron/Steel
MASTER,7029,MASTER-PACK GROUP BHD,31,MASTER-PACK GROUP BHD,XKLS,Containers/Packaging
MATRIX,5236,MATRIX CONCEPTS HOLDINGS BHD,1489,MATRIX CONCEPTS HOLDINGS BHD,XKLS,Real Estate Developers
MAXIS,6012,MAXIS BHD,45458,MAXIS BHD,XKLS,Wireless Telecommunications Services
MAXWELL,5189,MAXWELL INTERNATIONAL HOLDINGS BHD,8,MAXWELL INTERNATIONAL HOLDINGS BHD,XKLS,Footwear
MAYBANK,1155,MALAYAN BANKING BHD,115687,MALAYAN BANKING BHD,XKLS,Banking
MAYBULK,5077,MALAYSIAN BULK CARRIERS BHD,665,MALAYSIAN BULK CARRIERS BHD,XKLS,Water Transport/Shipping
MBG,5886,MINTYE BHD,58,MINTYE INDUSTRIES BHD,XKLS,Auto &amp; Commercial Vehicle Parts
MBL,5152,MUAR BAN LEE GROUP BHD,106,MUAR BAN LEE GROUP BHD,XKLS,Industrial Machinery
MBMR,5983,MBM RESOURCES BHD,954,MBM RESOURCES BHD,XKLS,Specialty Retail
MBSB,1171,MALAYSIA BUILDING SOCIETY BHD,6765,MALAYSIA BUILDING SOCIETY BHD,XKLS,Banking
MBWORLD,7189,MB WORLD GROUP BHD,315,MB WORLD GROUP BHD,XKLS,Specialty Chemicals
MCEHLDG,7004,MCE HOLDINGS BHD,32,MCE HOLDINGS BHD,XKLS,Auto &amp; Commercial Vehicle Parts
MCLEAN,0167,MCLEAN TECHNOLOGIES BHD,26,MCLEAN TECHNOLOGIES BHD,XKLS,Wholesalers
MCT,5182,MCT BHD,1268,MCT BHD,XKLS,Real Estate Developers
MEDAINC,5040,MEDA INC BHD,187,MEDA INC. BHD,XKLS,Real Estate Developers
MEDIA,4502,MEDIA PRIMA BHD,333,MEDIA PRIMA BHD,XKLS,Broadcasting
MEDIAC,5090,MEDIA CHINESE INTERNATIONAL LTD,489,MEDIA CHINESE INTERNATIONAL LTD.,XKLS,Publishing
MEGASUN,0081,MEGA SUN CITY HOLDINGS BHD,35,MEGA SUN CITY HOLDINGS BHD,XKLS,Construction
MELATI,5129,MELATI EHSAN HOLDINGS BHD,83,MELATI EHSAN HOLDINGS BHD,XKLS,Construction
MELEWAR,3778,MELEWAR INDUSTRIAL GROUP BHD,45,MELEWAR INDUSTRIAL GROUP BHD,XKLS,Iron/Steel
MENANG,1694,MENANG CORP (M) BHD,209,MENANG CORP. (MALAYSIA) BHD,XKLS,Real Estate Developers
MENTIGA,5223,MENTIGA CORP BHD,40,MENTIGA CORP. BHD,XKLS,Forestry &amp; Wood Products
MERCURY,8192,MERCURY INDUSTRIES BHD,59,MERCURY INDUSTRIES BHD,XKLS,Building Materials/Products
MERGE,5006,MERGE ENERGY BHD,21,MERGE ENERGY BHD,XKLS,Construction
MESB,7234,MESB BHD,29,MESB BHD,XKLS,Clothing Retail
METROD,6149,METROD HOLDINGS BHD,198,METROD HOLDINGS BHD,XKLS,Industrial Electronics
MEXTER,0075,MEXTER TECHNOLOGY BHD,102,MEXTER TECHNOLOGY BHD,XKLS,Computer Services
MFCB,3069,MEGA FIRST CORP BHD,1356,MEGA FIRST CORP. BHD,XKLS,Electric Utilities
MFLOUR,3662,MALAYAN FLOUR MILLS BHD,831,MALAYAN FLOUR MILLS BHD,XKLS,Food Products
MGB,7595,MGB BHD,611,ML GLOBAL BHD,XKLS,Building Materials/Products
MGRC,0155,MALAYSIAN GENOMICS RESOURCE CENTRE BHD,27,MALAYSIAN GENOMICS RESOURCE CENTRE BHD,XKLS,Biotechnology
MHB,5186,MALAYSIA MARINE AND HEAVY ENGINEERING HOLDINGS BHD,1232,MALAYSIA MARINE & HEAVY ENGINEERING HOLDINGS BHD,XKLS,Oil &amp; Gas Products/Services
MHC,5026,MHC PLANTATIONS BHD,153,MHC PLANTATIONS BHD,XKLS,Farming
MICROLN,0126,MICROLINK SOLUTIONS BHD,76,MICROLINK SOLUTIONS BHD,XKLS,Computer Services
MIECO,5001,MIECO CHIPBOARD BHD,252,MIECO CHIPBOARD BHD,XKLS,Building Materials/Products
MIKROMB,0112,MIKRO MSC BHD,140,MIKRO MSC BHD,XKLS,Precision Products
MINDA,5166,ASIAMET EDUCATION GROUP BHD,55,ASIAMET EDUCATION GROUP BHD,XKLS,Employment/Training Services
MINETEC,7219,MINETECH RESOURCES BHD,84,MINETECH RESOURCES BHD,XKLS,General Mining
MINHO,5576,MINHO (M) BHD,93,MINHO (MALAYSIA) BHD,XKLS,Forestry &amp; Wood Products
MISC,3816,MISC BHD,31604,MISC BHD,XKLS,Water Transport/Shipping
MITRA,9571,MITRAJAYA HOLDINGS BHD,515,MITRAJAYA HOLDINGS BHD,XKLS,Construction
MJPERAK,8141,MAJUPERAK HOLDINGS BHD,75,MAJUPERAK HOLDINGS BHD,XKLS,Real Estate Developers
MKH,6114,MKH BHD,804,MKH BHD,XKLS,Real Estate Developers
MKLAND,8893,MK LAND HOLDINGS BHD,199,MK LAND HOLDINGS BHD,XKLS,Real Estate Developers
MLAB,0085,MLABS SYSTEMS BHD,37,MLABS SYSTEMS BHD,XKLS,Networking
MMAG,0034,MMAG HOLDINGS BHD,107,MMAG HOLDINGS BHD,XKLS,Software
MMCCORP,2194,MMC CORP BHD,4141,MMC CORP. BHD,XKLS,Multiutilities
MMODE,0059,M-MODE BHD,46,M-MODE BHD,XKLS,Wireless Telecommunications Services
MMSV,0113,MMS VENTURES BHD,225,MMS VENTURES BHD,XKLS,Industrial Machinery
MNC,0103,M N C WIRELESS BHD,29,MNC WIRELESS BHD,XKLS,Wireless Telecommunications Services
MNRB,6459,MNRB HOLDINGS BHD,802,MNRB HOLDINGS BHD,XKLS,Reinsurance
MPAY,0156,MANAGEPAY SYSTEMS BHD,124,MANAGEPAY SYSTEMS BHD,XKLS,Software
MPCORP,6548,MALAYSIA PACIFIC CORP BHD,26,MALAYSIA PACIFIC CORP. BHD,XKLS,Real Estate Developers
MPHBCAP,5237,MPHB CAPITAL BHD,915,MPHB CAPITAL BHD,XKLS,Non-Life Insurance
MPI,3867,MALAYSIAN PACIFIC INDUSTRIES BHD,1618,MALAYSIAN PACIFIC INDUSTRIES BHD,XKLS,Semiconductors
MQREIT,5123,MRCB-QUILL REIT,1190,MRCB QUILL REIT,XKLS,-
MQTECH,0070,MQ TECHNOLOGY BHD,27,MQ TECHNOLOGY BHD,XKLS,Industrial Machinery
MRCB,1651,MALAYSIAN RESOURCES CORP BHD,4391,MALAYSIAN RESOURCES CORP. BHD,XKLS,Construction
MSC,5916,MALAYSIA SMELTING CORP BHD,339,MALAYSIA SMELTING CORP. BHD,XKLS,Iron/Steel
MSM,5202,MSM MALAYSIA HOLDINGS BHD,2587,MSM MALAYSIA HOLDINGS BHD,XKLS,Food Products
MSNIAGA,5011,MESINIAGA BHD,67,MESINIAGA BHD,XKLS,Computer Services
MTDACPI,5924,MTD ACPI ENGINEERING BHD,54,MTD ACPI ENGINEERING BHD,XKLS,Construction
MTOUCHE,0092,MTOUCHE TECHNOLOGY BHD,64,MTOUCHE TECHNOLOGY BHD,XKLS,Software
MTRONIC,0043,METRONIC GLOBAL BHD,48,METRONIC GLOBAL BHD,XKLS,Diversified Business Services
MUDA,3883,MUDA HOLDINGS BHD,610,MUDA HOLDINGS BHD,XKLS,Paper/Pulp
MUDAJYA,5085,MUDAJAYA GROUP BHD,394,MUDAJAYA GROUP BHD,XKLS,Construction
MUH,9539,MULTI-USAGE HOLDINGS BHD,29,MULTI-USAGE HOLDINGS BHD,XKLS,Building Materials/Products
MUHIBAH,5703,MUHIBBAH ENGINEERING (M) BHD,1384,MUHIBBAH ENGINEERING (M) BHD,XKLS,Construction
MUIIND,3891,MALAYAN UNITED INDUSTRIES BHD,528,MALAYAN UNITED INDUSTRIES BHD,XKLS,Mixed Retailing
MUIPROP,3913,MUI PROPERTIES BHD,210,MUI PROPERTIES BHD,XKLS,Real Estate Developers
MULPHA,3905,MULPHA INTERNATIONAL BHD,655,MULPHA INTERNATIONAL BHD,XKLS,Hotels
MWE,3921,MWE HOLDINGS BHD,382,MWE HOLDINGS BHD,XKLS,Industrial Electronics
MYCRON,5087,MYCRON STEEL BHD,116,MYCRON STEEL BHD,XKLS,Iron/Steel
MYEG,0138,MY E.G.SERVICES BHD,9124,MY E.G. SERVICES BHD,XKLS,Diversified Business Services
MYNEWS,5275,MYNEWS HOLDINGS BHD,1023,BISON CONSOLIDATED BHD,XKLS,Mixed Retailing
N2N,0108,N2N CONNECT BHD,491,N2N CONNECT BHD,XKLS,Software
NAIM,5073,NAIM HOLDINGS BHD,236,NAIM HOLDINGS BHD,XKLS,Construction
NATWIDE,9806,NATIONWIDE EXPRESS HOLDINGS BHD,53,NATIONWIDE EXPRESS COURIER SERVICES BHD,XKLS,Air Freight
NESTLE,4707,NESTLE MALAYSIA BHD,32619,NESTLE (MALAYSIA) BHD,XKLS,Food Products
NETX,0020,NETX HOLDINGS BHD,81,NETX HOLDINGS BHD,XKLS,Software
NEXGRAM,0096,NEXGRAM HOLDINGS BHD,132,NEXGRAM HOLDINGS BHD,XKLS,Software
NGGB,7241,NEXTGREEN GLOBAL BERHAD,167,BHS INDUSTRIES BHD,XKLS,Diversified Business Services
NHFATT,7060,NEW HOONG FATT HOLDINGS BHD,254,NEW HOONG FATT HOLDINGS BHD,XKLS,Auto &amp; Commercial Vehicle Parts
NICE,7139,NICHE CAPITAL EMAS HOLDINGS BHD,13,NICHE CAPITAL EMAS HOLDINGS BHD,XKLS,Clothing
NIHSIN,7215,NI HSIN RESOURCES BHD,64,NI HSIN RESOURCES BHD,XKLS,Housewares
NOTION,0083,NOTION VTEC BHD,188,NOTION VTEC BHD,XKLS,Industrial Machinery
NOVAMSC,0026,NOVA MSC BHD,61,NOVA MSC BHD,XKLS,Software
NPC,5047,NPC RESOURCES BHD,240,NPC RESOURCES BHD,XKLS,Farming
NSOP,2038,NEGRI SEMBILAN OIL PALMS BHD,250,NEGRI SEMBILAN OIL PALMS BHD,XKLS,Farming
NTPM,5066,NTPM HOLDINGS BHD,618,NTPM HOLDINGS BHD,XKLS,Personal Care Products/Appliances
NWP,5025,NWP HOLDINGS BHD,96,NWP HOLDINGS BHD,XKLS,Building Materials/Products
NYLEX,4944,NYLEX MALAYSIA BHD,142,NYLEX (MALAYSIA) BHD,XKLS,Commodity Chemicals
OCB,5533,OCB BHD,57,OCB BHD,XKLS,Food Products
OCK,0172,OCK GROUP BHD,684,OCK GROUP BHD,XKLS,Networking
OCNCASH,0049,OCEANCASH PACIFIC BHD,109,OCEANCASH PACIFIC BHD,XKLS,Personal Care Products/Appliances
OCR,7071,OCR GROUP BHD,123,O&C RESOURCES BHD,XKLS,Personal Care Products/Appliances
OFI,7107,ORIENTAL FOOD INDUSTRIES HOLDINGS BHD,223,ORIENTAL FOOD INDUSTRIES HOLDINGS BHD,XKLS,Food Products
OIB,5827,ORIENTAL INTEREST BHD,338,ORIENTAL INTEREST BHD,XKLS,Real Estate Developers
OKA,7140,OKA CORP BHD,221,OKA CORP. BHD,XKLS,Building Materials/Products
OLYMPIA,3018,OLYMPIA INDUSTRIES BHD,118,OLYMPIA INDUSTRIES BHD,XKLS,Gambling Industries
OMESTI,9008,OMESTI BHD,198,OMESTI BHD,XKLS,Computer Services
OPCOM,0035,OPCOM HOLDINGS BHD,59,OPCOM HOLDINGS BHD,XKLS,Networking
OPENSYS,0040,OPENSYS M BHD,85,OPENSYS (M) BHD,XKLS,Computer Services
ORIENT,4006,ORIENTAL HOLDINGS BHD,3859,ORIENTAL HOLDINGS BHD,XKLS,Specialty Retail
ORION,0079,ORION IXL BHD,57,ORION IXL BHD,XKLS,Software
ORNA,5065,ORNAPAPER BHD,102,ORNAPAPER BHD,XKLS,Containers/Packaging
OSK,5053,OSK HOLDINGS BHD,2032,OSK HOLDINGS BHD,XKLS,Securities
OSKVI,0053,OSK VENTURES INTERNATIONAL BHD,122,OSK VENTURES INTERNATIONAL BHD,XKLS,Finance Companies
OVERSEA,0153,OVERSEA ENTERPRISE BHD,39,OVERSEA ENTERPRISE BHD,XKLS,Restaurants
OWG,5260,ONLY WORLD GROUP HOLDINGS BHD,254,ONLY WORLD GROUP HOLDINGS BHD,XKLS,Recreational Services
P&O,6009,PACIFIC & ORIENT BHD,310,PACIFIC & ORIENT BHD,XKLS,Non-Life Insurance
PA,7225,P.A. RESOURCES BHD,119,P.A. RESOURCES BHD,XKLS,Aluminum
PADINI,7052,PADINI HOLDINGS BHD,2961,PADINI HOLDINGS BHD,XKLS,Clothing
PANAMY,3719,PANASONIC MANUFACTURING MALAYSIA BHD,2120,PANASONIC MANUFACTURING MALAYSIA BHD,XKLS,Housewares
PANPAGE,0041,PANPAGES BHD,68,PANPAGES BHD,XKLS,Advertising/Marketing/Public Relations
PANSAR,8419,PANSAR BHD,385,PANSAR BHD,XKLS,Building Materials/Products
PANTECH,5125,PANTECH GROUP HOLDINGS BHD,426,PANTECH GROUP HOLDINGS BHD,XKLS,Iron/Steel
PAOS,5022,PAOS HOLDINGS BHD,77,PAOS HOLDINGS BHD,XKLS,Personal Care Products/Appliances
PARAGON,9407,PARAGON UNION BHD,24,PARAGON UNION BHD,XKLS,Furniture
PARAMON,1724,PARAMOUNT CORP BHD,805,PARAMOUNT CORP. BHD,XKLS,Real Estate Developers
PARKSON,5657,PARKSON HOLDINGS BHD,438,PARKSON HOLDINGS BHD,XKLS,Mixed Retailing
PASDEC,6912,PASDEC HOLDINGS BHD,124,PASDEC HOLDINGS BHD,XKLS,Real Estate Developers
PASUKGB,0177,PASUKHAS GROUP BERHAD,97,PASUKHAS GROUP BHD,XKLS,Technical Services
PAVREIT,5212,PAVILION REAL ESTATE INVESTMENT TRUST,4370,PAVILION REAL ESTATE INVESTMENT TRUST,XKLS,-
PBA,5041,PBA HOLDINGS BHD,371,PBA HOLDINGS BHD,XKLS,Water Utilities
PBBANK,1295,PUBLIC BANK BHD,92550,PUBLIC BANK BHD,XKLS,Banking
PCCS,6068,PCCS GROUP BHD,51,PCCS GROUP BHD,XKLS,Clothing
PCHEM,5183,PETRONAS CHEMICALS GROUP BHD,67120,PETRONAS CHEMICALS GROUP BHD,XKLS,Specialty Chemicals
PDZ,6254,PDZ HOLDINGS BHD,40,PDZ HOLDINGS BHD,XKLS,Water Transport/Shipping
PECCA,5271,PECCA GROUP BHD,218,PECCA GROUP BHD,XKLS,Auto &amp; Commercial Vehicle Parts
PELIKAN,5231,PELIKAN INTERNATIONAL CORP BHD,379,PELIKAN INTERNATIONAL CORP. BHD,XKLS,Nondurable Household Products
PENERGY,5133,PETRA ENERGY BHD,199,PETRA ENERGY BHD,XKLS,Oil &amp; Gas Products/Services
PENSONI,9997,PENSONIC HOLDINGS BHD,71,PENSONIC HOLDINGS BHD,XKLS,Housewares
PENTA,7160,PENTAMASTER CORP BHD,608,PENTAMASTER CORP. BHD,XKLS,Industrial Machinery
PERISAI,0047,PERISAI PETROLEUM TEKNOLOGI BHD,57,PERISAI PETROLEUM TEKNOLOGI BHD,XKLS,Oil &amp; Gas Products/Services
PERMAJU,7080,PERMAJU INDUSTRIES BHD,42,PERMAJU INDUSTRIES BHD,XKLS,Forestry &amp; Wood Products
PERSTIM,5436,PERUSAHAAN SADUR TIMAH MALAYSIA PERSTIMA BHD,371,PERUSAHAAN SADUR TIMAH MALAYSIA (PERSTIMA) BHD,XKLS,Non-Ferrous Metals
PESONA,8311,PESONA METRO HOLDINGS BHD,208,PESONA METRO HOLDINGS BHD,XKLS,Building Materials/Products
PESTECH,5219,PESTECH INTERNATIONAL BHD,1215,PESTECH INTERNATIONAL BHD,XKLS,Industrial Electronics
PETDAG,5681,PETRONAS DAGANGAN BHD,26823,PETRONAS DAGANGAN BHD,XKLS,Major Oil &amp; Gas
PETGAS,6033,PETRONAS GAS BHD,35498,PETRONAS GAS BHD,XKLS,Gas Utilities
PETRONM,3042,PETRON MALAYSIA REFINING & MARKETING BHD,2087,PETRON MALAYSIA REFINING & MARKETING BHD,XKLS,Oil &amp; Gas Products/Services
PGLOBE,3611,GOH BAN HUAT BHD,252,GOH BAN HUAT BHD,XKLS,Building Materials/Products
PHARMA,7081,PHARMANIAGA BHD,1091,PHARMANIAGA BHD,XKLS,Pharmaceuticals
PHB,4464,PEGASUS HEIGHTS BHD,57,NAIM INDAH CORP. BHD,XKLS,Real Estate Developers
PICORP,7201,PROGRESSIVE IMPACT CORP BHD,102,PROGRESSIVE IMPACT CORP. BHD,XKLS,Environment/Waste Management
PIE,7095,P I E INDUSTRIAL BHD,534,P.I.E. INDUSTRIAL BHD,XKLS,Industrial Electronics
PINEAPP,0006,PINEAPPLE RESOURCES BHD,21,PINEAPPLE RESOURCES BHD,XKLS,Computers/Consumer Electronics
PINEPAC,1902,PINEHILL PACIFIC BHD,27,PINEHILL PACIFIC BHD,XKLS,Farming
PJBUMI,7163,PJBUMI BHD,20,PJBUMI BHD,XKLS,Environment/Waste Management
PLABS,0171,PETERLABS HOLDINGS BHD,63,PETERLABS HOLDINGS BHD,XKLS,Food Products
PLENITU,5075,PLENITUDE BHD,553,PLENITUDE BHD,XKLS,Real Estate Developers
PLS,9695,PLS PLANTATIONS BHD,255,PLS PLANTATIONS BHD,XKLS,Construction
PMBTECH,7172,PMB TECHNOLOGY BHD,344,PMB TECHNOLOGY BHD,XKLS,Industrial Machinery
PMCORP,4081,PAN MALAYSIA CORP BHD,128,PAN MALAYSIA CORP. BHD,XKLS,Food Products
PMETAL,8869,PRESS METAL ALUMINIUM HOLDINGS BHD,18333,PRESS METAL BHD,XKLS,Aluminum
PMHLDG,1287,PAN MALAYSIA HOLDINGS BHD,144,PAN MALAYSIA HOLDINGS BHD,XKLS,Hotels
PNEPCB,6637,PNE PCB BHD,148,PNE PCB BHD,XKLS,Industrial Electronics
POHKONG,5080,POH KONG HOLDINGS BHD,209,POH KONG HOLDINGS BHD,XKLS,Specialty Retail
POHUAT,7088,POH HUAT RESOURCES HOLDINGS BHD,292,POH HUAT RESOURCES HOLDINGS BHD,XKLS,Furniture
POLY,8117,POLY GLASS FIBRE (M) BHD,82,POLY GLASS FIBRE (MALAYSIA) BHD,XKLS,Industrial Products
POS,4634,POS MALAYSIA BHD,2701,POS MALAYSIA BHD,XKLS,Air Freight
PPB,4065,PPB GROUP BHD,22738,PPB GROUP BHD,XKLS,Food Products
PPG,7190,PELANGI PUBLISHING GROUP BHD,43,PELANGI PUBLISHING GROUP BHD,XKLS,Publishing
PPHB,8273,PUBLIC PACKAGES HOLDINGS BHD,110,PUBLIC PACKAGES HOLDINGS BHD,XKLS,Containers/Packaging
PRESBHD,5204,PRESTARIANG BERHAD,711,PRESTARIANG BHD,XKLS,Employment/Training Services
PRESTAR,9873,PRESTAR RESOURCES BHD,174,PRESTAR RESOURCES BHD,XKLS,Industrial Machinery
PRG,7168,PRG HOLDINGS BHD,263,PRG HOLDINGS BHD,XKLS,Clothing
PRIVA,0123,PRIVASIA TECHNOLOGY BHD,56,PRIVASIA TECHNOLOGY BHD,XKLS,Computer Services
PRKCORP,8346,PERAK CORP BHD,76,PERAK CORP. BHD,XKLS,Transportation Services
PRLEXUS,8966,PROLEXUS BHD,123,PROLEXUS BHD,XKLS,Clothing
PRTASCO,5070,PROTASCO BHD,382,PROTASCO BHD,XKLS,Construction
PSIPTEK,7145,PRINSIPTEK CORP BHD,45,PRINSIPTEK CORP. BHD,XKLS,Construction
PTARAS,9598,PINTARAS JAYA BHD,527,PINTARAS JAYA BHD,XKLS,Construction
PTB,0038,PLASTRADE TECHNOLOGY BHD,34,PLASTRADE TECHNOLOGY BHD,XKLS,Commodity Chemicals
PTGTIN,2208,PETALING TIN BHD,109,PETALING TIN BHD,XKLS,Real Estate Developers
PTRANS,0186,PERAK TRANSIT BHD,311,PERAK TRANSIT BHD,XKLS,Transportation Services
PUC,0007,PUC BHD,313,PUC FOUNDER (MSC) BHD,XKLS,Computer Services
PUNCAK,6807,PUNCAK NIAGA HOLDINGS BHD,207,PUNCAK NIAGA HOLDINGS BHD,XKLS,Water Utilities
PWF,7134,PWF CONSOLIDATED BHD,147,PWF CONSOLIDATED BHD,XKLS,Farming
PWORTH,7123,PRICEWORTH INTERNATIONAL BHD,205,PRICEWORTH INTERNATIONAL BHD,XKLS,Building Materials/Products
PWROOT,7237,POWER ROOT BHD,459,POWER ROOT BHD,XKLS,Non-Alcoholic Beverages/Drinks
QL,7084,QL RESOURCES BHD,8339,QL RESOURCES BHD,XKLS,Farming
QUALITY,7544,QUALITY CONCRETE HOLDINGS BHD,49,QUALITY CONCRETE HOLDINGS BHD,XKLS,Building Materials/Products
RALCO,7498,RALCO CORP BHD,24,RALCO CORP. BHD,XKLS,Containers/Packaging
RANHILL,5272,RANHILL HOLDINGS BHD,617,RANHILL HOLDINGS BHD,XKLS,Water Utilities
RAPID,7765,RAPID SYNERGY BHD,620,RAPID SYNERGY BHD,XKLS,Industrial Machinery
RCECAP,9296,RCE CAPITAL BHD,470,RCE CAPITAL BHD,XKLS,Consumer Finance
REACH,5256,REACH ENERGY BHD,312,REACH ENERGY BHD,XKLS,Shell companies
REDTONE,0032,REDTONE INTERNATIONAL BHD,182,REDTONE INTERNATIONAL BHD,XKLS,Wired Telecommunications Services
RESINTC,7232,RESINTECH BHD,47,RESINTECH BHD,XKLS,Building Materials/Products
REV,0173,REV ASIA BHD,33,REV ASIA BHD,XKLS,Publishing
REX,9946,REX INDUSTRY BHD,123,REX INDUSTRY BHD,XKLS,Food Products
REXIT,0106,REXIT BHD,130,REXIT BHD,XKLS,Software
RGB,0037,RGB INTERNATIONAL BHD,322,RGB INTERNATIONAL BHD,XKLS,Gambling Industries
RHBBANK,1066,RHB BANK BHD,21133,RHB BANK BHD,XKLS,Banking
ROHAS,9741,ROHAS TECNIC BHD,638,TECNIC GROUP BHD,XKLS,Industrial Machinery
RSAWIT,5113,RIMBUNAN SAWIT BHD,447,RIMBUNAN SAWIT BHD,XKLS,Farming
RSENA,5270,RED SENA BHD,470,RED SENA BHD,XKLS,Shell companies
RUBEREX,7803,RUBBEREX CORP (M) BHD,144,RUBBEREX CORP. (M) BHD,XKLS,Medical Equipment/Supplies
RVIEW,2542,RIVERVIEW RUBBER ESTATES BHD,233,RIVERVIEW RUBBER ESTATES BHD,XKLS,Farming
SAB,5134,SOUTHERN ACIDS (M) BHD,548,SOUTHERN ACIDS (MALAYSIA) BHD,XKLS,Specialty Chemicals
SALCON,8567,SALCON BHD,271,SALCON BHD,XKLS,Water Utilities
SALUTE,0183,SALUTICA BHD,213,SALUTICA BHD,XKLS,Industrial Electronics
SAM,9822,SAM ENGINEERING & EQUIPMENT (M) BHD,879,SAM ENGINEERING & EQUIPMENT (M) BHD,XKLS,Industrial Machinery
SAMCHEM,5147,SAMCHEM HOLDINGS BHD,286,SAMCHEM HOLDINGS BHD,XKLS,Specialty Chemicals
SANBUMI,9113,SANBUMI HOLDINGS BHD,36,SANBUMI HOLDINGS BHD,XKLS,Forestry &amp; Wood Products
SANICHI,0133,SANICHI TECHNOLOGY BHD,37,SANICHI TECHNOLOGY BHD,XKLS,Industrial Machinery
SAPIND,7811,SAPURA INDUSTRIAL BHD,57,SAPURA INDUSTRIAL BHD,XKLS,Auto &amp; Commercial Vehicle Parts
SAPNRG,5218,SAPURA ENERGY BHD,3985,SAPURAKENCANA PETROLEUM BHD,XKLS,Oil &amp; Gas Products/Services
SAPRES,4596,SAPURA RESOURCES BHD,120,SAPURA RESOURCES BHD,XKLS,Specialty Retail
SASBADI,5252,SASBADI HOLDINGS BHD,153,SASBADI HOLDINGS BHD,XKLS,Publishing
SAUDEE,5157,SAUDEE GROUP BHD,55,SAUDEE GROUP BHD,XKLS,Food Products
SBAGAN,2569,SUNGEI BAGAN RUBBER CO (MALAYA) BHD,218,SUNGEI BAGAN RUBBER CO. (MALAYA) BHD,XKLS,Farming
SBCCORP,5207,SBC CORP BHD,120,SBC CORP. BHD,XKLS,Real Estate Developers
SCABLE,5170,SARAWAK CABLE BHD,181,SARAWAK CABLE BHD,XKLS,Industrial Electronics
SCBUILD,0109,SC ESTATE BUILDER BHD,26,SC ESTATE BUILDER BHD,XKLS,Building Materials/Products
SCC,0158,SCC HOLDINGS BHD,66,SCC HOLDINGS BHD,XKLS,Wholesalers
SCGM,7247,SCGM BHD,290,SCGM BHD,XKLS,Containers/Packaging
SCH,0161,SCH GROUP BHD,78,SCH GROUP BHD,XKLS,Oil &amp; Gas Products/Services
SCIB,9237,SARAWAK CONSOLIDATED INDUSTRIES BHD,48,SARAWAK CONSOLIDATED INDUSTRIES BHD,XKLS,Building Materials/Products
SCICOM,0099,SCICOM MSC BHD,697,SCICOM (MSC) BHD,XKLS,Diversified Business Services
SCIENTX,4731,SCIENTEX BHD,3726,SCIENTEX BHD,XKLS,Containers/Packaging
SCNWOLF,7239,SCANWOLF CORP BHD,24,SCANWOLF CORP. BHD,XKLS,Industrial Machinery
SCOMI,7158,SCOMI GROUP BHD,105,SCOMI GROUP BHD,XKLS,Oil &amp; Gas Products/Services
SCOMIES,7045,SCOMI ENERGY SERVICES BHD,234,SCOMI ENERGY SERVICES BHD,XKLS,Oil &amp; Gas Products/Services
SCOMNET,0001,SUPERCOMNET TECHNOLOGIES BHD,209,SUPERCOMNET TECHNOLOGIES BHD,XKLS,Industrial Electronics
SCOPE,0028,SCOPE INDUSTRIES BHD,87,SCOPE INDUSTRIES BHD,XKLS,Industrial Electronics
SDRED,2224,SELANGOR DREDGING BHD,324,SELANGOR DREDGING BHD,XKLS,Real Estate Developers
SEACERA,7073,SEACERA GROUP BHD,222,SEACERA GROUP BHD,XKLS,Building Materials/Products
SEAL,4286,SEAL INC BHD,97,SEAL INC. BHD,XKLS,Real Estate Developers
SEALINK,5145,SEALINK INTERNATIONAL BHD,72,SEALINK INTERNATIONAL BHD,XKLS,Water Transport/Shipping
SEB,5163,SEREMBAN ENGINEERING BHD,32,SEREMBAN ENGINEERING BHD,XKLS,Industrial Machinery
SEDANIA,0178,SEDANIA INNOVATOR BHD,55,SEDANIA INNOVATOR BHD,XKLS,Software
SEEHUP,7053,SEE HUP CONSOLIDATED BHD,102,SEE HUP CONSOLIDATED BHD,XKLS,Trucking
SEG,9792,SEG INTERNATIONAL BHD,815,SEG INTERNATIONAL BHD,XKLS,Consumer Services
SEM,5250,7-ELEVEN MALAYSIA HOLDINGS BHD,1838,7-ELEVEN MALAYSIA HOLDINGS BHD,XKLS,Mixed Retailing
SENDAI,5205,EVERSENDAI CORPORATION BERHAD,680,EVERSENDAI CORP. BHD,XKLS,Construction
SERNKOU,7180,SERN KOU RESOURCES BHD,130,SERN KOU RESOURCES BHD,XKLS,Furniture
SERSOL,0055,SERSOL BHD,31,SERSOL BHD,XKLS,Specialty Chemicals
SGB,7165,SPRING GALLERY BHD,159,SPRING GALLERY BHD,XKLS,Housewares
SHANG,5517,SHANGRI-LA HOTELS MALAYSIA BHD,2548,SHANGRI-LA HOTELS (M) BHD,XKLS,Hotels
SHCHAN,4316,SIN HENG CHAN (MALAYSIA) BHD,73,SIN HENG CHAN (MALAYA) BHD,XKLS,Farming
SHH,7412,SHH RESOURCES HOLDINGS BHD,40,SHH RESOURCES HOLDINGS BHD,XKLS,Furniture
SHL,6017,SHL CONSOLIDATED BHD,608,SHL CONSOLIDATED BHD,XKLS,Real Estate Developers
SIGGAS,5181,SIG GASES BHD,156,SIG GASES BHD,XKLS,Specialty Chemicals
SIGN,7246,SIGNATURE INTERNATIONAL BHD,125,SIGNATURE INTERNATIONAL BHD,XKLS,Furniture
SIME,4197,SIME DARBY BHD,17478,SIME DARBY BHD,XKLS,Diversified Holding Companies
SINOTOP,8532,SINOTOP HOLDINGS BHD,170,SINOTOP HOLDINGS BHD,XKLS,Clothing
SJC,9431,SENI JAYA CORP BHD,27,SENI JAYA CORP. BHD,XKLS,Advertising/Marketing/Public Relations
SKH,0060,SKH CONSORTIUM BHD,46,SKH CONSORTIUM BHD,XKLS,Software
SKPRES,7155,SKP RESOURCES BHD,1663,SKP RESOURCES BHD,XKLS,Specialty Chemicals
SLP,7248,SLP RESOURCES BHD,311,SLP RESOURCES BHD,XKLS,Commodity Chemicals
SMCAP,9776,SINMAH CAPITAL BHD,33,FARM&#39;S BEST BHD,XKLS,Food Products
SMI,4375,SOUTH MALAYSIA INDUSTRIES BHD,38,SOUTH MALAYSIA INDUSTRIES BHD,XKLS,Real Estate Developers
SMISCOR,7132,SMIS CORP BHD,22,SMIS CORP. BHD,XKLS,Auto &amp; Commercial Vehicle Parts
SMRT,0117,SMRT HOLDINGS BHD,63,SMRT HOLDINGS BHD,XKLS,Software
SMTRACK,0169,SMTRACK BHD,17,SMTRACK BHD,XKLS,Precision Products
SNC,7943,SAND NISKO CAPITAL BHD,19,SAND NISKO CAPITAL BHD,XKLS,Furniture
SNTORIA,5213,SENTORIA GROUP BHD,326,SENTORIA GROUP BHD,XKLS,Real Estate Developers
SOLID,5242,SOLID AUTOMOTIVE BHD,133,SOLID AUTOMOTIVE BHD,XKLS,Auto &amp; Commercial Vehicle Parts
SOLUTN,0093,SOLUTION ENGINEERING HOLDINGS BHD,49,SOLUTION ENGINEERING HOLDINGS BHD,XKLS,Technical Services
SOP,5126,SARAWAK OIL PALMS BHD,2049,SARAWAK OIL PALMS BHD,XKLS,Farming
SPB,1783,SELANGOR PROPERTIES BERHAD,1460,SELANGOR PROPERTIES BHD,XKLS,Real Estate Developers
SPRITZER,7103,SPRITZER BHD,483,SPRITZER BHD,XKLS,Non-Alcoholic Beverages/Drinks
SPSETIA,8664,S P SETIA BHD,11631,SP SETIA BHD,XKLS,Real Estate Developers
SRIDGE,0129,SILVER RIDGE HOLDINGS BHD,25,SILVER RIDGE HOLDINGS BHD,XKLS,Networking
SSTEEL,5665,SOUTHERN STEEL BHD,775,SOUTHERN STEEL BHD,XKLS,Iron/Steel
STAR,6084,STAR MEDIA GROUP BHD,783,STAR MEDIA GROUP BHD,XKLS,Publishing
STERPRO,0140,STERLING PROGRESS BHD,77,STERLING PROGRESS BHD,XKLS,Computer Services
STONE,7143,STONE MASTER CORP BHD,13,STONE MASTER CORP. BHD,XKLS,Building Materials/Products
STRAITS,0080,STRAITS INTER LOGISTICS BHD,94,RAYA INTERNATIONAL BHD,XKLS,Industrial Machinery
SUBUR,6904,SUBUR TIASA HOLDINGS BHD,182,SUBUR TIASA HOLDINGS BHD,XKLS,Forestry &amp; Wood Products
SUCCESS,7207,SUCCESS TRANSFORMER CORP BHD,217,SUCCESS TRANSFORMER CORP. BHD,XKLS,Industrial Electronics
SUIWAH,9865,SUIWAH CORP BHD,131,SUIWAH CORP. BHD,XKLS,Mixed Retailing
SUMATEC,1201,SUMATEC RESOURCES BHD,298,SUMATEC RESOURCES BHD,XKLS,Oil &amp; Gas Products/Services
SUNCON,5263,SUNWAY CONSTRUCTION GROUP BHD,2791,SUNWAY CONSTRUCTION GROUP BHD,XKLS,Construction
SUNREIT,5176,SUNWAY REAL ESTATE INVESTMENT TRUST,4683,SUNWAY REIT,XKLS,-
SUNSURIA,3743,SUNSURIA BHD,886,SUNSURIA BHD,XKLS,Furniture
SUNWAY,5211,SUNWAY BHD,7478,SUNWAY BHD,XKLS,Real Estate Developers
SUNZEN,0148,SUNZEN BIOTECH BHD,106,SUNZEN BIOTECH BHD,XKLS,Pharmaceuticals
SUPERLN,7235,SUPERLON HOLDINGS BHD,187,SUPERLON HOLDINGS BHD,XKLS,Building Materials/Products
SUPERMX,7106,SUPERMAX CORP BHD,1888,SUPERMAX CORP. BHD,XKLS,Medical Equipment/Supplies
SURIA,6521,SURIA CAPITAL HOLDINGS BHD,481,SURIA CAPITAL HOLDINGS BHD,XKLS,Transportation Services
SWKPLNT,5135,SARAWAK PLANTATION BHD,476,SARAWAK PLANTATION BHD,XKLS,Farming
SWSCAP,7186,SWS CAPITAL BHD,167,SWS CAPITAL BHD,XKLS,Furniture
SYCAL,9717,SYCAL VENTURES BHD,100,SYCAL VENTURES BHD,XKLS,Construction
SYF,7082,SYF RESOURCES BHD,176,SYF RESOURCES BHD,XKLS,Furniture
SYMLIFE,1538,SYMPHONY LIFE BHD,223,SYMPHONY LIFE BHD,XKLS,Real Estate Developers
SYSCORP,5173,SHIN YANG SHIPPING CORP BHD,300,SHIN YANG SHIPPING CORP. BHD,XKLS,Water Transport/Shipping
SYSTECH,0050,SYSTECH BHD,76,SYSTECH BHD,XKLS,Networking
T7GLOBAL,7228,T7 GLOBAL BHD,197,TANJUNG OFFSHORE BHD,XKLS,Oil &amp; Gas Products/Services
TA,4898,TA ENTERPRISE BHD,873,TA ENTERPRISE BHD,XKLS,Hotels
TAANN,5012,TA ANN HOLDINGS BHD,1383,TA ANN HOLDINGS BHD,XKLS,Forestry &amp; Wood Products
TADMAX,4022,TADMAX RESOURCES BHD,172,TADMAX RESOURCES BHD,XKLS,Diversified Holding Companies
TAFI,7211,TAFI INDUSTRIES BHD,24,TAFI INDUSTRIES BHD,XKLS,Furniture
TAGB,5158,TA GLOBAL BHD,1490,TA GLOBAL BHD,XKLS,Hotels
TAKAFUL,6139,SYARIKAT TAKAFUL MALAYSIA BHD,2786,SYARIKAT TAKAFUL MALAYSIA BHD,XKLS,Full-Line Insurance
TALAMT,2259,TALAM TRANSFORM BHD,148,TALAM TRANSFORM BHD,XKLS,Real Estate Developers
TALIWRK,8524,TALIWORKS CORP BHD,974,TALIWORKS CORP. BHD,XKLS,Water Utilities
TAMBUN,5191,TAMBUN INDAH LAND BHD,321,TAMBUN INDAH LAND BHD,XKLS,Real Estate Developers
TANCO,2429,TANCO HOLDINGS BHD,74,TANCO HOLDINGS BHD,XKLS,Real Estate Developers
TAS,5149,TAS OFFSHORE BHD,53,TAS OFFSHORE BHD,XKLS,Water Transport/Shipping
TASCO,5140,TASCO BHD,368,TASCO BHD,XKLS,Transportation Services
TASEK,4448,TASEK CORP BHD,998,TASEK CORP. BHD,XKLS,Building Materials/Products
TATGIAP,5178,TATT GIAP GROUP BHD,17,TATT GIAP GROUP BHD,XKLS,Iron/Steel
TAWIN,7097,TA WIN HOLDINGS BHD,36,TA WIN HOLDINGS BHD,XKLS,Industrial Electronics
TCHONG,4405,TAN CHONG MOTOR HOLDINGS BHD,1122,TAN CHONG MOTOR HOLDINGS BHD,XKLS,Automobiles
TDEX,0132,TECHNODEX BHD,65,TECHNODEX BHD,XKLS,Software
TDM,2054,TDM BHD,564,TDM BHD,XKLS,Farming
TECFAST,0084,TECHFAST HOLDINGS BHD,84,TECHFAST HOLDINGS BHD,XKLS,Industrial Products
TECGUAN,7439,TECK GUAN PERDANA BHD,42,TECK GUAN PERDANA BHD,XKLS,Farming
TEKSENG,7200,TEK SENG HOLDINGS BHD,111,TEK SENG HOLDINGS BHD,XKLS,Industrial Products
TENAGA,5347,TENAGA NASIONAL BHD,89749,TENAGA NASIONAL BHD,XKLS,Renewable Energy Generation
TEOSENG,7252,TEO SENG CAPITAL BHD,269,TEO SENG CAPITAL BHD,XKLS,Farming
TEXCHEM,8702,TEXCHEM RESOURCES BHD,110,TEXCHEM RESOURCES BHD,XKLS,Diversified Holding Companies
TEXCYCL,0089,TEX CYCLE TECHNOLOGY (M) BHD,174,TEX CYCLE TECHNOLOGY (M) BHD,XKLS,Environment/Waste Management
TFP,0145,TFP SOLUTIONS BHD,29,TFP SOLUTIONS BHD,XKLS,Computer Services
TGL,9369,TEO GUAN LEE CORP BHD,39,TEO GUAN LEE CORP. BHD,XKLS,Clothing
TGUAN,7034,THONG GUAN INDUSTRIES BHD,323,THONG GUAN INDUSTRIES BHD,XKLS,Containers/Packaging
THETA,9075,THETA EDGE BHD,38,THETA EDGE BHD,XKLS,Networking
THHEAVY,7206,TH HEAVY ENGINEERING BERHAD,84,TH HEAVY ENGINEERING BHD,XKLS,Oil &amp; Gas Products/Services
THPLANT,5112,TH PLANTATIONS BHD,681,TH PLANTATIONS BHD,XKLS,Farming
THRIVEN,7889,THRIVEN GLOBAL BHD,70,THRIVEN GLOBAL BHD,XKLS,Real Estate Developers
TIENWAH,7374,TIEN WAH PRESS HOLDINGS BHD,197,TIEN WAH PRESS HOLDINGS BHD,XKLS,Diversified Business Services
TIGER,7079,TIGER SYNERGY BHD,52,TIGER SYNERGY BHD,XKLS,Real Estate Developers
TIMECOM,5031,TIME DOTCOM BHD,4593,TIME DOTCOM BHD,XKLS,Wired Telecommunications Services
TIMWELL,7854,TIMBERWELL BHD,57,TIMBERWELL BHD,XKLS,Forestry &amp; Wood Products
TITIJYA,5239,TITIJAYA LAND BHD,618,TITIJAYA LAND BHD,XKLS,Real Estate Developers
TM,4863,TELEKOM MALAYSIA BHD,19654,TELEKOM MALAYSIA BHD,XKLS,Wired Telecommunications Services
TMCLIFE,0101,TMC LIFE SCIENCES BHD,1320,TMC LIFE SCIENCES BHD,XKLS,Healthcare Provision
TNLOGIS,8397,TIONG NAM LOGISTICS HOLDINGS BHD,479,TIONG NAM LOGISTICS HOLDINGS BHD,XKLS,Trucking
TOCEAN,7218,TRANSOCEAN HOLDINGS BHD,25,TRANSOCEAN HOLDINGS BHD,XKLS,Trucking
TOMEI,7230,TOMEI CONSOLIDATED BHD,89,TOMEI CONSOLIDATED BHD,XKLS,Clothing Retail
TOMYPAK,7285,TOMYPAK HOLDINGS BHD,332,TOMYPAK HOLDINGS BHD,XKLS,Containers/Packaging
TONGHER,5010,TONG HERR RESOURCES BHD,527,TONG HERR RESOURCES BHD,XKLS,Iron/Steel
TOPGLOV,7113,TOP GLOVE CORP BHD,11528,TOP GLOVE CORP. BHD,XKLS,Medical Equipment/Supplies
TOYOINK,7173,TOYO INK GROUP BHD,77,TOYO INK GROUP BHD,XKLS,Specialty Chemicals
TPC,7176,TPC PLUS BHD,89,TPC PLUS BHD,XKLS,Farming
TRC,5054,TRC SYNERGY BHD,305,TRC SYNERGY BHD,XKLS,Construction
TRIPLC,5622,TRIPLC BHD,168,TRIPLC BHD,XKLS,Construction
TRIVE,0118,TRIVE PROPERTY GROUP BHD,62,TRIVE PROPERTY GROUP BHD,XKLS,Real Estate Developers
TROP,5401,TROPICANA CORP BHD,1294,TROPICANA CORP. BHD,XKLS,Real Estate Developers
TSH,9059,TSH RESOURCES BHD,1865,TSH RESOURCES BHD,XKLS,Farming
TSRCAP,5042,TSR CAPITAL BHD,87,TSR CAPITAL BHD,XKLS,Construction
TUNEPRO,5230,TUNE PROTECT GROUP BHD,534,TUNE PROTECT GROUP BHD,XKLS,Reinsurance
TURBO,5167,TURBO-MECH BHD,83,TURBO-MECH BHD,XKLS,Industrial Machinery
TURIYA,4359,TURIYA BHD,35,TURIYA BHD,XKLS,Semiconductors
TWRREIT,5111,TOWER REAL ESTATE INVESTMENT TRUST,278,TOWER REAL ESTATE INVESTMENT TRUST,XKLS,-
UCHITEC,7100,UCHI TECHNOLOGIES BHD,1218,UCHI TECHNOLOGIES BHD,XKLS,Precision Products
UCREST,0005,UCREST BHD,135,PALETTE MULTIMEDIA BHD,XKLS,Computers/Consumer Electronics
UEMS,5148,UEM SUNRISE BHD,4038,UEM SUNRISE BHD,XKLS,Real Estate Developers
ULICORP,7133,UNITED U-LI CORP BHD,234,UNITED U-LI CORP. BHD,XKLS,Building Materials/Products
UMCCA,2593,UNITED MALACCA BHD,1269,UNITED MALACCA BHD,XKLS,Farming
UMS,7137,UMS HOLDINGS BHD,99,UMS HOLDINGS BHD,XKLS,Precision Products
UMSNGB,7227,UMS-NEIKEN GROUP BHD,79,UMS-NEIKEN GROUP BHD,XKLS,Industrial Electronics
UMW,4588,UMW HOLDINGS BHD,7103,UMW HOLDINGS BHD,XKLS,Automobiles
UMWOG,5243,UMW OIL & GAS CORP BHD,2177,UMW OIL & GAS CORP. BHD,XKLS,Oil &amp; Gas Products/Services
UNIMECH,7091,UNIMECH GROUP BHD,125,UNIMECH GROUP BHD,XKLS,Industrial Machinery
UNISEM,5005,UNISEM (M) BHD,1336,UNISEM (M) BHD,XKLS,Semiconductors
UOADEV,5200,UOA DEVELOPMENT BHD,4266,UOA DEVELOPMENT BHD,XKLS,Real Estate Developers
UOAREIT,5110,UOA REAL ESTATE INVESTMENT TRUST,592,UOA REIT,XKLS,-
UPA,7757,UPA CORP BHD,197,UPA CORP. BHD,XKLS,Containers/Packaging
UTDPLT,2089,UNITED PLANTATION BERHAD,5961,UNITED PLANTATIONS BHD,XKLS,Farming
UTUSAN,5754,UTUSAN MELAYU (MALAYSIA) BHD,38,UTUSAN MELAYU (MALAYSIA) BHD,XKLS,Publishing
UZMA,7250,UZMA BHD,419,UZMA BHD,XKLS,Oil &amp; Gas Products/Services
VERSATL,4995,VERSATILE CREATIVE BHD,56,VERSATILE CREATIVE BHD,XKLS,Containers/Packaging
VERTICE,7240,VERTICE BHD,125,VOIR HOLDINGS BHD,XKLS,Clothing
VIS,0120,VISDYNAMICS HOLDINGS BHD,65,VISDYNAMICS HOLDINGS BHD,XKLS,Semiconductors
VITROX,0097,VITROX CORP BHD,2412,VITROX CORP. BHD,XKLS,Semiconductors
VIVOCOM,0069,VIVOCOM INTL HOLDINGS BHD,221,VIVOCOM INTERNATIONAL HOLDINGS BHD,XKLS,Construction
VIZIONE,7070,VIZIONE HOLDINGS BHD,480,VIZIONE HOLDINGS BHD,XKLS,Construction
VS,6963,V.S INDUSTRY BHD,2840,VS INDUSTRY BHD,XKLS,Precision Products
VSOLAR,0066,VSOLAR GROUP BHD,41,VSOLAR GROUP BHD,XKLS,Software
WANGZNG,7203,WANG- ZHENG BHD,229,WANG-ZHENG BHD,XKLS,Nondurable Household Products
WARISAN,5016,WARISAN TC HOLDINGS BHD,137,WARISAN TC HOLDINGS BHD,XKLS,Tourism
WASEONG,5142,WAH SEONG CORP BHD,1100,WAH SEONG CORP. BHD,XKLS,Oil &amp; Gas Products/Services
WATTA,7226,WATTA HOLDING BHD,24,WATTA HOLDING BHD,XKLS,Industrial Electronics
WCEHB,3565,WCE HOLDINGS BHD,993,WCE HOLDINGS BHD,XKLS,Transportation Services
WCT,9679,WCT HOLDINGS BERHAD,1656,WCT HOLDINGS BHD,XKLS,Construction
WEIDA,7111,WEIDA (M) BHD,303,WEIDA (M) BHD,XKLS,Industrial Machinery
WELLCAL,7231,WELLCALL HOLDINGS BHD,672,WELLCALL HOLDINGS BHD,XKLS,Industrial Machinery
WIDETEC,7692,WIDETECH (MALAYSIA) BHD,28,WIDETECH (MALAYSIA) BHD,XKLS,Diversified Holding Companies
WILLOW,0008,WILLOWGLEN MSC BHD,273,WILLOWGLEN MSC BHD,XKLS,Software
WMG,6378,WMG HOLDINGS BHD,94,TEKALA CORP. BHD,XKLS,Forestry &amp; Wood Products
WONG,7050,WONG ENGINEERING CORP BHD,92,WONG ENGINEERING CORP. BHD,XKLS,Industrial Machinery
WOODLAN,7025,WOODLANDOR HOLDINGS BHD,23,WOODLANDOR HOLDINGS BHD,XKLS,Building Materials/Products
WPRTS,5246,WESTPORTS HOLDINGS BHD,11357,WESTPORTS HOLDINGS BHD,XKLS,Water Transport/Shipping
WTHORSE,5009,WHITE HORSE BHD,446,WHITE HORSE BHD,XKLS,Building Materials/Products
WTK,4243,WTK HOLDINGS BHD,320,WTK HOLDINGS BHD,XKLS,Building Materials/Products
WZSATU,7245,WZ SATU BHD,183,WZ SATU BHD,XKLS,Iron/Steel
XDL,5156,XIDELANG HOLDINGS LTD,176,XIDELANG HOLDINGS LTD.,XKLS,Footwear
XIANLNG,7121,XIAN LENG HOLDINGS BHD,46,XIAN LENG HOLDINGS BHD,XKLS,Fishing
XINGHE,0095,XINGHE HOLDINGS BERHAD,116,XINGHE HOLDINGS BHD,XKLS,Food Products
XINHWA,5267,XIN HWA HOLDINGS BHD,240,XIN HWA HOLDINGS BHD,XKLS,Transportation Services
XINQUAN,5155,XINGQUAN INTERNATIONAL SPORTS HOLDINGS LTD,27,XINGQUAN INTERNATIONAL SPORTS HOLDINGS LTD.,XKLS,Footwear
XOX,0165,XOX BHD,74,XOX BHD,XKLS,Networking
Y&G,7003,Y&G CORP BHD,193,Y&G CORP. BHD,XKLS,Real Estate Developers
YEELEE,5584,YEE LEE CORP BHD,427,YEE LEE CORP. BHD,XKLS,Food Products
YFG,7122,YFG BHD,3,YFG BHD,XKLS,Construction
YGL,0086,YGL CONVERGENCE BHD,33,YGL CONVERGENCE BHD,XKLS,Software
YILAI,5048,YI-LAI BHD,115,YI-LAI BHD,XKLS,Building Materials/Products
YINSON,7293,YINSON HOLDINGS BHD,4263,YINSON HOLDINGS BHD,XKLS,Wholesalers
YKGI,7020,YKGI HOLDINGS BHD,81,YKGI HOLDINGS BHD,XKLS,Iron/Steel
YLI,7014,YLI HOLDINGS BHD,32,YLI HOLDINGS BHD,XKLS,Industrial Machinery
YNHPROP,3158,YNH PROPERTY BHD,735,YNH PROPERTY BHD,XKLS,Real Estate Developers
YOCB,5159,YOONG ONN CORP BHD,165,YOONG ONN CORP. BHD,XKLS,Housewares
YONGTAI,7066,YONG TAI BHD,694,YONG TAI BHD,XKLS,Clothing
YSPSAH,7178,Y.S.P. SOUTHEAST ASIA HOLDING BHD,336,Y.S.P. SOUTHEAST ASIA HOLDING BHD,XKLS,Pharmaceuticals
YTL,4677,YTL CORP BHD,15166,YTL CORP. BHD,XKLS,Multiutilities
YTLLAND,2577,YTL LAND & DEVELOPMENT BHD,388,YTL LAND & DEVELOPMENT BHD,XKLS,Real Estate Developers
YTLPOWR,6742,YTL POWER INTERNATIONAL BHD,7546,YTL POWER INTERNATIONAL BHD,XKLS,Multiutilities
YTLREIT,5109,YTL HOSPITALITY REIT,1909,YTL HOSPITALITY REIT,XKLS,-
ZECON,7028,ZECON BHD,75,ZECON BHD,XKLS,Construction
ZELAN,2283,ZELAN BHD,76,ZELAN BHD,XKLS,Construction
ZHULIAN,5131,ZHULIAN CORP BHD,662,ZHULIAN CORP. BHD,XKLS,Diversified Holding Companies
